"FunctionName","FunctionType","create_date","modify_date"
DecodeUTF8String,SQL_SCALAR_FUNCTION,2021-10-05 19:21:51.293,2023-04-05 23:08:34.610
fn_ABC2UNICODE,SQL_SCALAR_FUNCTION,2018-01-25 14:38:46.550,2023-04-05 23:08:34.613
Fn_AD_TinhTBSinhVien,SQL_SCALAR_FUNCTION,2019-02-25 14:58:21.560,2023-04-05 23:08:34.627
Fn_BoDauTiengViet,SQL_SCALAR_FUNCTION,2018-01-25 14:38:46.583,2023-04-05 23:08:34.617
Fn_BoDauTiengViet_EXT,SQL_SCALAR_FUNCTION,2019-05-08 08:42:55.973,2023-04-05 23:08:34.683
Fn_BoDauTiengVietToLowerCase,SQL_SCALAR_FUNCTION,2018-01-25 14:38:46.617,2025-12-17 16:56:06.803
Fn_BoKyTuDacBiet,SQL_SCALAR_FUNCTION,2018-01-25 14:38:46.643,2023-04-05 23:08:34.620
FN_CapPhongLichThi,SQL_TABLE_VALUED_FUNCTION,2018-01-25 14:38:46.683,2018-01-25 14:38:46.697
Fn_CC_GetHeSoBacDaoTao,SQL_SCALAR_FUNCTION,2018-01-25 14:38:46.710,2023-04-05 23:08:34.620
Fn_CC_GetHeSoHocVi,SQL_SCALAR_FUNCTION,2018-01-25 14:38:46.730,2023-04-05 23:08:34.620
Fn_CC_GetHeSoLopDong,SQL_SCALAR_FUNCTION,2018-01-25 14:38:46.750,2023-04-05 23:08:34.620
Fn_CC_GetHeSoTinChiNienChe,SQL_SCALAR_FUNCTION,2018-01-25 14:38:46.767,2023-04-05 23:08:34.623
Fn_CC_GetTietToiTuHocKy,SQL_SCALAR_FUNCTION,2025-12-17 16:56:06.727,2025-12-17 16:56:06.727
Fn_CheckAllowEditChamCongBaoGiang,SQL_SCALAR_FUNCTION,2019-08-20 17:04:16.100,2023-04-05 23:08:34.610
Fn_CheckConflictTietHoc,SQL_SCALAR_FUNCTION,2019-02-25 14:58:21.620,2023-04-05 23:08:34.627
Fn_CheckIsEnableCauHinhHeThong,SQL_SCALAR_FUNCTION,2018-01-25 14:38:36.477,2023-04-05 23:08:34.657
Fn_CheckMonHocThuocChuyenNganhDaTotNghiep,SQL_TABLE_VALUED_FUNCTION,2024-07-11 17:09:58.323,2024-07-11 17:09:58.323
Fn_CheckNgayChamCongLichHocHopLe,SQL_SCALAR_FUNCTION,2018-01-25 14:38:46.790,2023-04-05 23:08:34.623
Fn_CheckPeriod,SQL_SCALAR_FUNCTION,2018-01-25 14:38:46.807,2023-04-05 23:08:34.623
Fn_CheckSinhVienTinChi,SQL_SCALAR_FUNCTION,2018-01-25 14:38:46.830,2023-04-05 23:08:34.627
Fn_CheckSystemConfig,SQL_SCALAR_FUNCTION,2018-01-25 14:38:37.957,2023-04-05 23:08:34.617
Fn_CheckThiSinhTinChi,SQL_SCALAR_FUNCTION,2018-01-25 14:38:46.847,2023-04-05 23:08:34.627
Fn_CheckTrangThaiSinhVienHopLe,SQL_TABLE_VALUED_FUNCTION,2021-08-09 18:11:08.187,2025-04-21 15:48:05.140
Fn_CheckUserAdmin,SQL_SCALAR_FUNCTION,2019-02-25 14:57:47.823,2023-04-05 23:08:34.593
Fn_CheckUserSubAdmin,SQL_SCALAR_FUNCTION,2023-05-23 17:41:10.380,2023-05-23 17:41:10.390
Fn_CheckValidMaHocPhan,SQL_SCALAR_FUNCTION,2018-01-25 14:38:46.870,2023-04-05 23:08:34.627
Fn_CheckValidTrungLichSinhVienChuyenLHP,SQL_TABLE_VALUED_FUNCTION,2026-02-25 18:57:36.397,2026-02-25 18:57:36.397
FN_CompactFullName,SQL_SCALAR_FUNCTION,2018-01-25 14:38:46.887,2023-04-05 23:08:34.630
Fn_CompareDiemChuanKetQuaThi,SQL_SCALAR_FUNCTION,2018-01-25 14:38:46.903,2023-04-05 23:08:34.630
Fn_CompareIDKhoaChuanQuan,SQL_SCALAR_FUNCTION,2018-01-25 14:38:46.927,2023-04-05 23:08:34.630
Fn_CompareNgaySinh,SQL_SCALAR_FUNCTION,2018-01-25 14:38:46.950,2023-04-05 23:08:34.633
Fn_CompareNgaySinh2,SQL_SCALAR_FUNCTION,2025-10-22 22:28:35.747,2025-10-22 22:28:35.747
Fn_ComparePhong,SQL_SCALAR_FUNCTION,2018-01-25 14:38:46.967,2023-04-05 23:08:34.633
Fn_CompareTuNgayDenNgay,SQL_SCALAR_FUNCTION,2018-01-25 14:38:46.983,2023-04-05 23:08:34.637
Fn_CompareTuTietDenTiet,SQL_SCALAR_FUNCTION,2018-01-25 14:38:47.007,2023-04-05 23:08:34.637
Fn_CompareTuTietDenTietCapPhong,SQL_SCALAR_FUNCTION,2018-01-25 14:38:47.027,2023-04-05 23:08:34.640
Fn_CongNoSinhVienHocKyCu,SQL_TABLE_VALUED_FUNCTION,2023-12-15 17:24:17.360,2024-04-03 14:58:30.033
Fn_ConvertDiemKetQuaThi,SQL_SCALAR_FUNCTION,2018-01-25 14:38:47.043,2023-04-05 23:08:34.640
fn_ConvertNgaySinhTextToDate,SQL_SCALAR_FUNCTION,2025-10-22 22:28:35.743,2025-10-22 22:28:35.743
Fn_ConvertPhanSoVarcharToDecimal,SQL_SCALAR_FUNCTION,2019-12-20 15:30:46.523,2023-04-05 23:08:34.657
Fn_ConvertSo,SQL_SCALAR_FUNCTION,2022-02-21 17:46:34.137,2023-04-05 23:08:34.563
Fn_ConvertString2Date,SQL_SCALAR_FUNCTION,2018-01-25 14:38:47.060,2023-04-05 23:08:34.640
Fn_ConvertUni2UTF8,SQL_SCALAR_FUNCTION,2021-10-05 19:21:51.300,2023-04-05 23:08:34.610
Fn_ConvertXML_NhatKyChamCongToTable,SQL_SCALAR_FUNCTION,2022-07-15 17:46:31.390,2023-04-05 23:08:34.613
Fn_ConvertXML_NK_CongNoSinhVien_ToTable,SQL_TABLE_VALUED_FUNCTION,2021-06-01 18:40:19.387,2025-12-17 16:56:06.787
Fn_ConvertXML_NK_TongHop_ToTable,SQL_SCALAR_FUNCTION,2019-02-25 14:58:21.673,2024-10-09 16:16:20.450
Fn_ConvertXML_NK_TongHop_ToTable_Delete,SQL_SCALAR_FUNCTION,2020-12-15 09:11:50.223,2023-04-05 23:08:34.660
Fn_ConvertXML_NK_ToTable_ForCurSor,SQL_SCALAR_FUNCTION,2023-03-07 17:31:13.940,2023-04-05 23:08:34.603
Fn_CountSiSoSV,SQL_SCALAR_FUNCTION,2018-01-25 14:38:47.080,2023-04-05 23:08:34.643
Fn_CreateDiaChiThuongTru,SQL_SCALAR_FUNCTION,2018-01-25 14:38:38.010,2023-04-05 23:08:34.620
Fn_CreateMaHocPhan,SQL_SCALAR_FUNCTION,2018-01-25 14:38:47.097,2024-10-09 16:16:20.420
Fn_CreateMaHocPhan2,SQL_SCALAR_FUNCTION,2018-01-25 14:38:47.117,2024-10-09 16:16:20.477
Fn_CreateMaHocVienThuTuDo,SQL_SCALAR_FUNCTION,2019-02-25 14:57:48.517,2023-04-05 23:08:34.597
Fn_CreateMaHoSoMienGiam,SQL_SCALAR_FUNCTION,2019-02-25 14:58:21.720,2023-04-05 23:08:34.630
Fn_CreateMaSinhVien,SQL_SCALAR_FUNCTION,2018-01-25 14:38:47.143,2025-10-22 22:28:35.783
FN_CreateMatKhauSinhVien,SQL_SCALAR_FUNCTION,2022-06-20 17:50:52.750,2023-04-05 23:08:34.573
Fn_CreatePassword,SQL_SCALAR_FUNCTION,2021-12-02 13:58:14.883,2023-04-24 17:32:19.377
Fn_CreateRandomPassword,SQL_SCALAR_FUNCTION,2023-04-24 17:32:19.303,2023-04-24 17:32:19.307
Fn_CRM_GetMapping,SQL_SCALAR_FUNCTION,2022-10-13 17:48:08.790,2023-04-05 23:08:34.573
Fn_CRM_GetRecordTypeID,SQL_SCALAR_FUNCTION,2022-09-15 17:54:00.337,2023-04-05 23:08:34.680
Fn_CRM_GetTienTamNop,SQL_SCALAR_FUNCTION,2022-10-13 17:48:08.810,2023-04-05 23:08:34.577
FN_CSSV_GetFormatMaCauHoiLienHe,SQL_SCALAR_FUNCTION,2025-01-08 14:54:40.940,2025-01-08 14:54:40.940
Fn_DateInRange,SQL_SCALAR_FUNCTION,2018-01-25 14:38:39.760,2023-04-05 23:08:34.613
Fn_DateInRangeNullable,SQL_SCALAR_FUNCTION,2018-01-25 14:38:47.170,2023-04-05 23:08:34.653
fn_DecryptHistoryChangeTracker,SQL_SCALAR_FUNCTION,2025-01-08 14:54:40.913,2025-01-08 14:54:40.913
FN_DKHP_GetDonGiaTheoLopHoacTheoLoaiSinhVien,SQL_SCALAR_FUNCTION,2022-06-20 17:50:52.763,2023-04-05 23:08:34.577
FN_DKHP_KiemTraNganhMienHocPhi,SQL_SCALAR_FUNCTION,2019-10-25 08:57:34.350,2023-04-05 23:08:34.570
FN_DKHP_TinhPhiTheoHeSoNgoaiGio,SQL_SCALAR_FUNCTION,2021-08-09 18:11:06.590,2024-04-03 14:58:30.077
FN_DKHP_TinhSoTietTrung,SQL_SCALAR_FUNCTION,2019-11-14 17:47:41.737,2023-04-05 23:08:34.583
Fn_DKHP_XacNhanIsHocPhiNganh2,SQL_SCALAR_FUNCTION,2025-06-18 14:50:39.213,2025-06-18 14:50:39.213
Fn_DM_GetDanhMucByMaCotSuDung,SQL_TABLE_VALUED_FUNCTION,2023-06-27 17:50:10.890,2024-12-18 16:53:45.430
Fn_DM_GetMultiLangByTableName,SQL_TABLE_VALUED_FUNCTION,2022-04-14 17:43:52.210,2025-08-04 16:30:06.420
Fn_DongBoDuLieuLemon_CmdScript,SQL_TABLE_VALUED_FUNCTION,2022-12-23 17:54:15.750,2023-02-03 17:11:22.473
Fn_DongBoDuLieuLemon_GetIGEDetail,SQL_SCALAR_FUNCTION,2023-02-15 17:51:22.723,2023-04-05 23:08:34.673
Fn_DongBoDuLieuLemon_GetVoucherNo,SQL_SCALAR_FUNCTION,2022-12-23 17:54:15.753,2023-04-05 23:08:34.610
Fn_DongBoDuLieuLemon_LoaiDoiTuong,SQL_TABLE_VALUED_FUNCTION,2022-12-23 17:54:15.757,2023-02-03 17:11:22.480
Fn_DongBoDuLieuLemon_LoaiThu,SQL_TABLE_VALUED_FUNCTION,2022-12-23 17:54:15.760,2024-10-30 11:25:50.240
Fn_DongBoDuLieuLemon_TrangThaiDuLieu,SQL_TABLE_VALUED_FUNCTION,2022-12-23 17:54:15.763,2023-01-04 17:37:30.490
Fn_DongBoDuLieuLemon_TrangThaiPhanBo,SQL_TABLE_VALUED_FUNCTION,2023-02-03 17:11:25.523,2023-02-03 17:11:25.527
Fn_DongBoDuLieuLemon_TransType,SQL_TABLE_VALUED_FUNCTION,2023-02-15 17:51:22.713,2025-11-05 16:29:10.277
Fn_DS_GetTenHienThiCotDiem,SQL_SCALAR_FUNCTION,2019-09-17 09:00:22.650,2023-04-05 23:08:34.677
Fn_DT_ChiTietMonThayThe_V1,SQL_TABLE_VALUED_FUNCTION,2024-07-11 17:09:58.380,2025-04-21 15:48:05.183
Fn_DT_GetMaTenMonHocFromListID,SQL_TABLE_VALUED_FUNCTION,2022-03-16 17:44:00.737,2024-10-09 16:16:20.563
Fn_DT_GetSTCHocKyCTKTheoIDDot,SQL_SCALAR_FUNCTION,2022-06-20 17:50:55.083,2023-04-05 23:08:34.583
Fn_DT_GetTongSTCBatBuocCTK,SQL_TABLE_VALUED_FUNCTION,2023-10-02 17:41:17.053,2025-07-18 16:43:01.713
Fn_DT_GetTongSTCBatBuocTemplateCTK,SQL_TABLE_VALUED_FUNCTION,2024-04-03 14:58:40.717,2024-04-03 14:58:40.720
Fn_DT_KiemTraSoTinChiDangKyMoMon,SQL_TABLE_VALUED_FUNCTION,2024-12-18 16:53:45.377,2024-12-18 16:53:45.377
Fn_DT_XetDanhHieuLopHoc,SQL_TABLE_VALUED_FUNCTION,2024-10-09 16:16:20.417,2024-10-09 16:16:20.417
Fn_DTBD_GetThuTuLopHocPhan,SQL_SCALAR_FUNCTION,2018-01-25 14:38:47.200,2023-04-05 23:08:34.653
Fn_DTBD_TinhSoTienDaNop,SQL_SCALAR_FUNCTION,2019-07-24 09:37:24.073,2023-04-05 23:08:34.637
Fn_DTBD_TinhTBTH,SQL_SCALAR_FUNCTION,2018-01-25 14:38:47.217,2023-04-05 23:08:34.657
Fn_DTBD_TinhTBThuongKy,SQL_SCALAR_FUNCTION,2018-01-25 14:38:47.240,2023-04-05 23:08:34.657
Fn_ES_BoCauHoi,SQL_TABLE_VALUED_FUNCTION,2019-07-24 09:37:24.173,2019-07-24 09:37:24.200
Fn_ES_RoundDeThi,SQL_SCALAR_FUNCTION,2018-01-25 14:38:47.263,2023-04-05 23:08:34.660
Fn_EX_BoCauHoi,SQL_TABLE_VALUED_FUNCTION,2019-07-24 09:37:24.277,2023-12-06 14:41:28.537
Fn_EX_CheckNhanSuQuanLyBCH,SQL_SCALAR_FUNCTION,2019-09-17 09:00:13.473,2023-05-23 17:41:11.653
Fn_EX_CheckNhanSuQuanLyMonHocModule,SQL_SCALAR_FUNCTION,2022-09-09 17:46:36.267,2023-04-05 23:08:34.620
FN_EX_CountCauHoiApDung,SQL_SCALAR_FUNCTION,2018-01-25 14:38:47.287,2023-04-05 23:08:34.660
Fn_EX_GetDeThiQuanHe,SQL_TABLE_VALUED_FUNCTION,2024-12-18 16:53:45.370,2024-12-18 16:53:45.370
Fn_EX_GetMaMonHocTuongDuongBoCauHoi,SQL_SCALAR_FUNCTION,2019-06-21 10:17:10.813,2023-04-05 23:08:34.590
Fn_FormatCurrency,SQL_SCALAR_FUNCTION,2025-08-04 16:30:06.337,2025-08-04 16:30:06.337
Fn_FormatDate,SQL_SCALAR_FUNCTION,2018-01-25 14:38:47.307,2023-04-05 23:08:34.660
Fn_FormatGioThi,SQL_SCALAR_FUNCTION,2025-12-17 16:56:06.740,2025-12-17 16:56:06.740
Fn_FormatNumberWithSeparator,SQL_SCALAR_FUNCTION,2024-04-03 14:58:40.727,2024-04-03 14:58:40.730
Fn_FormatString,SQL_SCALAR_FUNCTION,2022-03-16 17:44:01.510,2023-04-05 23:08:34.623
Fn_GenEnrollNumber,SQL_SCALAR_FUNCTION,2020-04-06 11:24:20.080,2023-04-05 23:08:34.670
Fn_GeneratePwd,SQL_SCALAR_FUNCTION,2018-01-25 14:38:47.330,2023-04-05 23:08:34.660
Fn_GenTuTietDenTiet,SQL_SCALAR_FUNCTION,2018-01-25 14:38:47.350,2023-04-05 23:08:34.663
Fn_GenTuTietDenTiet_Ex,SQL_SCALAR_FUNCTION,2018-01-25 14:38:47.380,2023-04-05 23:08:34.663
Fn_GeSoPhachPhieuTo,SQL_SCALAR_FUNCTION,2018-01-25 14:38:47.397,2023-04-05 23:08:34.667
Fn_GetBuoiHoc,SQL_SCALAR_FUNCTION,2018-01-25 14:38:47.417,2023-04-05 23:08:34.667
Fn_GetBuoiHocINT,SQL_SCALAR_FUNCTION,2019-02-25 14:57:47.780,2023-04-05 23:08:34.590
Fn_GetCanSuLopHoc,SQL_TABLE_VALUED_FUNCTION,2023-05-23 17:41:11.230,2023-05-23 17:41:11.233
Fn_GetCauHinhHeThong,SQL_SCALAR_FUNCTION,2018-01-25 14:38:34.153,2023-04-05 23:08:34.613
Fn_GetChiTietCTK_KhoiKienThuc,SQL_INLINE_TABLE_VALUED_FUNCTION,2023-08-24 18:16:18.560,2023-08-24 18:16:18.560
Fn_GetChiTietPhieuDanhGiaRenLuyen,SQL_INLINE_TABLE_VALUED_FUNCTION,2020-09-17 09:35:17.370,2025-01-08 14:54:41.027
Fn_GetCongNoDotTruocTinChi,SQL_SCALAR_FUNCTION,2018-01-25 14:38:47.440,2023-04-05 23:08:34.667
Fn_GetCongNoKhoanThuKhac,SQL_INLINE_TABLE_VALUED_FUNCTION,2018-01-25 14:38:47.463,2023-04-05 23:08:34.693
Fn_GetCoSoKhoa,SQL_SCALAR_FUNCTION,2018-01-25 14:38:47.483,2023-04-05 23:08:34.670
Fn_GetCoSoXepLich,SQL_SCALAR_FUNCTION,2018-01-25 14:38:47.500,2023-04-05 23:08:34.670
Fn_GetCotHienThiKHT,SQL_TABLE_VALUED_FUNCTION,2024-12-18 16:53:45.387,2025-01-08 14:54:41.010
Fn_GetCotThongKeHanhKiem,SQL_SCALAR_FUNCTION,2019-08-09 11:49:13.033,2023-04-05 23:08:34.567
Fn_GetCotThongKeHanhKiem_New,SQL_SCALAR_FUNCTION,2021-06-01 18:40:19.447,2023-04-05 23:08:34.600
Fn_GetDate,SQL_SCALAR_FUNCTION,2018-01-25 14:38:47.523,2023-04-05 23:08:34.670
Fn_GetDiem6HKByLoaiGiayTo_BVU,SQL_SCALAR_FUNCTION,2022-02-21 17:46:36.847,2023-04-05 23:08:34.570
Fn_GetDiem6HKByLoaiGiayTo_BVU_V3,SQL_SCALAR_FUNCTION,2023-02-03 17:11:25.530,2023-05-23 17:41:11.677
Fn_GetDiemChuMax,SQL_SCALAR_FUNCTION,2019-02-25 14:58:21.757,2023-04-05 23:08:34.630
Fn_GetDiemDanhSinhVienRealTime,SQL_TABLE_VALUED_FUNCTION,2024-10-09 16:16:20.393,2024-10-09 16:16:20.393
Fn_GetDiemQuyDoiCCNN,SQL_SCALAR_FUNCTION,2025-06-18 14:50:39.243,2025-06-18 14:50:39.243
Fn_GetDiemTBByTop2Diem4HK_V3,SQL_SCALAR_FUNCTION,2023-02-15 17:51:25.540,2023-04-05 23:08:34.673
Fn_GetDiemTBC,SQL_SCALAR_FUNCTION,2018-01-25 14:38:47.563,2023-04-05 23:08:34.673
Fn_GetDiemTBMonTuyenSinh,SQL_SCALAR_FUNCTION,2019-11-14 17:47:41.987,2023-04-05 23:08:34.587
Fn_GetDiemTBMonTuyenSinh_2022,SQL_SCALAR_FUNCTION,2022-08-15 18:53:18.350,2023-04-05 23:08:34.583
Fn_GetDiemTBMonTuyenSinh_V3,SQL_SCALAR_FUNCTION,2021-08-09 18:11:34.210,2023-04-05 23:08:34.637
Fn_GetDiemTHMTheoHK_V3,SQL_SCALAR_FUNCTION,2022-05-24 18:05:28.210,2023-04-05 23:08:34.580
Fn_GetDonGiaNhaNuoc_DonGiaNhaTruong,SQL_SCALAR_FUNCTION,2018-01-25 14:38:47.583,2023-04-05 23:08:34.673
Fn_GetDotHienHanh,SQL_SCALAR_FUNCTION,2018-01-25 14:38:47.610,2023-04-05 23:08:34.673
Fn_GetDotHienTaiVaCacDotTruoc,SQL_TABLE_VALUED_FUNCTION,2019-09-17 09:00:09.547,2022-10-13 17:48:08.230
Fn_GetDotLienKePhiaSau,SQL_TABLE_VALUED_FUNCTION,2024-12-18 16:53:45.397,2024-12-18 16:53:45.397
Fn_GetDotLienKePhiaTruoc,SQL_TABLE_VALUED_FUNCTION,2020-12-15 09:11:04.520,2023-04-24 17:32:19.387
Fn_GetDuNoSinhVienNienChe,SQL_SCALAR_FUNCTION,2018-01-25 14:38:47.633,2023-04-05 23:08:34.677
Fn_GetDuNoSinhVienTinChi,SQL_SCALAR_FUNCTION,2018-01-25 14:38:47.660,2023-04-05 23:08:34.677
Fn_GetFirstLeterOfWord,SQL_SCALAR_FUNCTION,2021-12-02 13:58:15.050,2023-04-05 23:08:34.640
Fn_GetFirstLettersOnString,SQL_SCALAR_FUNCTION,2019-02-25 14:58:21.820,2023-04-05 23:08:34.633
Fn_GetGiangVienDuKienLopHocPhan,SQL_SCALAR_FUNCTION,2019-10-25 08:57:34.447,2023-04-05 23:08:34.570
Fn_GetGiangVienLichThi,SQL_SCALAR_FUNCTION,2018-01-25 14:38:47.690,2023-04-05 23:08:34.677
Fn_GetGVCN_CVHTTheoLopHoc,SQL_TABLE_VALUED_FUNCTION,2023-04-24 17:32:19.257,2023-04-24 17:32:19.260
Fn_GetHeLoaiQuanLy,SQL_TABLE_VALUED_FUNCTION,2020-12-15 09:11:50.293,2020-12-15 09:11:50.303
Fn_GetHeSoBacDaoTao,SQL_SCALAR_FUNCTION,2018-01-25 14:38:47.713,2023-04-05 23:08:34.677
Fn_GetHinhThucThanhToan,SQL_SCALAR_FUNCTION,2019-12-20 15:30:49.430,2025-01-08 14:54:41.000
Fn_GetHKTTDayDu,SQL_SCALAR_FUNCTION,2024-10-09 16:16:20.400,2024-10-09 16:16:20.400
Fn_GetHocPhanXuLyNo,SQL_TABLE_VALUED_FUNCTION,2025-01-08 14:54:40.953,2025-02-19 15:08:39.983
Fn_GetIDDotHienHanh,SQL_SCALAR_FUNCTION,2018-01-25 14:38:47.737,2023-04-05 23:08:34.677
Fn_GetIDKhoaCapPhong,SQL_SCALAR_FUNCTION,2018-01-25 14:38:47.763,2023-04-05 23:08:34.680
Fn_GetJsonValue,SQL_SCALAR_FUNCTION,2021-09-15 11:25:25.810,2023-04-05 23:08:34.580
Fn_GetKhoaChuQuan,SQL_TABLE_VALUED_FUNCTION,2018-01-25 14:38:47.803,2021-06-01 18:39:41.160
Fn_GetKhoaQuanLy,SQL_TABLE_VALUED_FUNCTION,2019-02-25 14:57:47.920,2021-06-01 18:39:41.233
Fn_GetKhungHoSo,SQL_TABLE_VALUED_FUNCTION,2021-08-09 18:11:34.247,2021-08-09 18:11:34.253
Fn_GetKhungHoSoTrungTuyen,SQL_TABLE_VALUED_FUNCTION,2021-09-05 21:55:41.297,2025-04-29 15:57:46.430
Fn_GetKyTuDacBiet,SQL_SCALAR_FUNCTION,2018-01-25 14:38:47.860,2023-04-05 23:08:34.680
Fn_GetLastDayInMonth,SQL_SCALAR_FUNCTION,2018-01-25 14:38:47.887,2023-04-05 23:08:34.683
Fn_GetLopHocPhanGhiNo,SQL_SCALAR_FUNCTION,2022-08-01 19:16:46.923,2024-10-09 16:16:20.533
Fn_GetLopHocTheoGVCN_CVHT,SQL_TABLE_VALUED_FUNCTION,2023-04-24 17:32:19.233,2023-04-24 17:32:19.237
Fn_GetMaHoSoThiSinhLienKet,SQL_SCALAR_FUNCTION,2018-01-25 14:38:47.910,2023-04-05 23:08:34.683
Fn_GetMaMonHocTuongDuong,SQL_SCALAR_FUNCTION,2019-02-25 14:57:47.600,2025-04-21 15:48:05.100
Fn_GetMaMonHocTuongDuongBoCauHoi,SQL_SCALAR_FUNCTION,2019-02-25 14:57:47.970,2023-04-05 23:08:34.593
Fn_GetMaMonTheoDsID,SQL_SCALAR_FUNCTION,2019-02-25 14:57:47.660,2024-10-09 16:16:20.460
Fn_GetMaTenNSTheoDsID,SQL_SCALAR_FUNCTION,2025-04-29 15:57:46.423,2025-04-29 15:57:46.423
Fn_GetMaxDate,SQL_SCALAR_FUNCTION,2018-01-25 14:38:40.110,2023-04-05 23:08:34.643
Fn_GetMaxEnrollNumber,SQL_SCALAR_FUNCTION,2020-04-06 11:24:20.137,2023-04-05 23:08:34.670
Fn_GetMaxMaSinhVien,SQL_SCALAR_FUNCTION,2018-01-25 14:38:48.060,2023-04-05 23:08:34.683
Fn_GetMaxThuTuLopHocPhan,SQL_SCALAR_FUNCTION,2019-02-25 14:57:44.110,2026-02-25 18:57:36.417
Fn_GetMucHocPhiMienGiam,SQL_SCALAR_FUNCTION,2018-01-25 14:38:48.080,2023-04-05 23:08:34.683
Fn_GetMultiLanguage,SQL_SCALAR_FUNCTION,2025-07-18 16:43:01.587,2025-08-04 16:30:06.443
Fn_GetNamHoc,SQL_SCALAR_FUNCTION,2018-06-13 13:43:00.127,2023-04-05 23:08:34.670
Fn_GetNamThu,SQL_SCALAR_FUNCTION,2020-09-17 09:35:17.420,2023-04-05 23:08:34.687
Fn_GetNamVaoHocSV,SQL_SCALAR_FUNCTION,2018-01-25 14:38:48.103,2023-04-05 23:08:34.683
Fn_GetNewSoLuuHoSoSinhVien,SQL_SCALAR_FUNCTION,2026-02-25 18:57:36.340,2026-02-25 18:57:36.340
Fn_GetNgayBatDauHoc,SQL_SCALAR_FUNCTION,2018-01-25 14:38:38.193,2023-04-05 23:08:34.633
Fn_GetNgayCuoiThang,SQL_SCALAR_FUNCTION,2025-01-08 14:54:40.963,2025-01-08 14:54:40.963
Fn_GetNgayCuoiTuan,SQL_SCALAR_FUNCTION,2018-01-25 14:38:48.127,2023-04-05 23:08:34.687
Fn_GetNgayDauTuan,SQL_SCALAR_FUNCTION,2018-01-25 14:38:48.140,2023-04-05 23:08:34.687
Fn_GetNgayHetHan,SQL_SCALAR_FUNCTION,2020-04-06 11:24:20.190,2026-01-14 16:57:29.783
Fn_GetNgayKetThucHoc,SQL_SCALAR_FUNCTION,2018-01-25 14:38:38.210,2023-04-05 23:08:34.637
Fn_GetNgayRaTruongDuKien,SQL_SCALAR_FUNCTION,2018-01-25 14:38:48.163,2025-08-04 16:30:06.450
Fn_GetNgayThiByTuiBai,SQL_SCALAR_FUNCTION,2025-12-17 16:56:06.747,2025-12-17 16:56:06.747
Fn_GetNgayThuHienTai,SQL_SCALAR_FUNCTION,2019-02-25 14:57:48.403,2023-04-05 23:08:34.597
Fn_GetNgayThuTuDoHienTai,SQL_SCALAR_FUNCTION,2019-08-09 11:49:27.520,2023-04-05 23:08:34.570
Fn_GetNhanSuString,SQL_INLINE_TABLE_VALUED_FUNCTION,2025-10-22 22:28:35.750,2025-10-22 22:28:35.750
Fn_GetNhomLichHoc,SQL_SCALAR_FUNCTION,2018-01-25 14:38:48.190,2025-07-09 17:41:04.720
Fn_GetNhomThucHanhLopHocPhan,SQL_SCALAR_FUNCTION,2018-01-25 14:38:48.210,2023-04-05 23:08:34.687
Fn_GetNienHocSinhVien,SQL_SCALAR_FUNCTION,2018-01-25 14:38:48.227,2025-08-04 16:30:06.400
Fn_GetNienHocSVByNgayNhapHocOrNamVao,SQL_SCALAR_FUNCTION,2025-07-18 16:43:01.563,2025-08-04 16:30:06.390
Fn_GetNoiDungSoChi,SQL_SCALAR_FUNCTION,2018-01-25 14:38:48.247,2023-04-05 23:08:34.690
Fn_GetNoSoThuKhac,SQL_SCALAR_FUNCTION,2018-01-25 14:38:48.267,2023-04-05 23:08:34.690
Fn_GetNoSoThuPhi,SQL_SCALAR_FUNCTION,2018-01-25 14:38:48.287,2023-04-05 23:08:34.690
Fn_GetNotes,SQL_SCALAR_FUNCTION,2018-01-25 14:38:48.320,2023-04-05 23:08:34.693
Fn_GetPhanLoaiThiSinhTheoNguyenVong,SQL_SCALAR_FUNCTION,2019-02-25 14:57:48.780,2023-04-05 23:08:34.600
FN_GetPhongTrong,SQL_TABLE_VALUED_FUNCTION,2018-01-25 14:38:48.350,2018-01-25 14:38:48.360
Fn_GetSiSoDangKy,SQL_SCALAR_FUNCTION,2018-01-25 14:38:48.380,2025-04-21 15:48:05.163
Fn_GetSiSoDangKyLHPGhep,SQL_SCALAR_FUNCTION,2024-04-03 14:58:27.787,2024-04-03 14:58:27.790
Fn_GetSiSoDuThiTheoLHP,SQL_SCALAR_FUNCTION,2019-02-25 14:58:21.877,2023-04-05 23:08:34.633
FN_GetSiSoThucTeLopHoc,SQL_SCALAR_FUNCTION,2018-01-25 14:38:36.250,2023-09-12 17:27:04.053
Fn_GetSoChungTuTheoNamSoThuHP,SQL_SCALAR_FUNCTION,2025-07-09 17:41:04.650,2025-07-09 17:41:04.650
Fn_GetSoChungTuTheoNamSoThuKhac,SQL_SCALAR_FUNCTION,2025-07-09 17:41:04.640,2025-07-09 17:41:04.640
Fn_GetSoChungTuTheoNamVaHTTT,SQL_SCALAR_FUNCTION,2026-01-14 16:57:29.737,2026-01-14 16:57:29.737
Fn_GetSoCotDiemToiDaBangDiemTongKet,SQL_SCALAR_FUNCTION,2019-11-14 17:47:09.147,2023-04-05 23:08:34.567
FN_GetSoDVHTDaHoc,SQL_SCALAR_FUNCTION,2018-01-25 14:38:48.403,2023-04-05 23:08:34.560
FN_GetSoDVHTFromCTK,SQL_SCALAR_FUNCTION,2018-01-25 14:38:48.423,2023-04-05 23:08:34.563
Fn_GetSoLaMa,SQL_SCALAR_FUNCTION,2018-01-25 14:38:48.450,2023-04-05 23:08:34.563
Fn_GetSoPhieu_TS_ThiSinhNhapHocOffline,SQL_SCALAR_FUNCTION,2020-04-06 11:24:20.260,2023-04-05 23:08:34.673
Fn_GetSoPhieuEXSoChi,SQL_SCALAR_FUNCTION,2021-01-16 10:38:57.327,2023-04-05 23:08:34.603
Fn_GetSoPhieuHopDong,SQL_SCALAR_FUNCTION,2023-10-02 17:41:17.060,2023-10-02 17:41:17.063
Fn_GetSoPhieuNhapHoc,SQL_SCALAR_FUNCTION,2018-01-25 14:38:48.487,2023-04-05 23:08:34.563
Fn_GetSoPhieuSoChi,SQL_SCALAR_FUNCTION,2018-01-25 14:38:48.503,2023-04-05 23:08:34.567
Fn_GetSoPhieuSoThuHoSoThiSinhLienKet,SQL_SCALAR_FUNCTION,2018-01-25 14:38:48.523,2023-04-05 23:08:34.567
Fn_GetSoPhieuSoThuHoSoTuyenSinh,SQL_SCALAR_FUNCTION,2018-01-25 14:38:48.540,2023-04-05 23:08:34.567
Fn_GetSoPhieuSoThuHP,SQL_SCALAR_FUNCTION,2018-01-25 14:38:48.557,2023-04-05 23:08:34.567
Fn_GetSoPhieuSoThuHP_DTBD,SQL_SCALAR_FUNCTION,2019-07-24 09:37:24.363,2024-07-11 17:09:58.500
Fn_GetSoPhieuSoThuKhac,SQL_SCALAR_FUNCTION,2018-01-25 14:38:48.573,2023-04-05 23:08:34.570
Fn_GetSoPhieuSoThuKyTucXa,SQL_SCALAR_FUNCTION,2018-01-25 14:38:48.590,2023-04-05 23:08:34.570
Fn_GetSoPhieuSoThuLePhiBieuMauDX,SQL_SCALAR_FUNCTION,2018-01-25 14:38:48.610,2023-04-05 23:08:34.570
Fn_GetSoPhieuSoThuTuDo,SQL_SCALAR_FUNCTION,2018-01-25 14:38:48.627,2023-07-19 17:46:22.260
FN_GetSoPhutThiQuyDoi,SQL_SCALAR_FUNCTION,2018-01-25 14:38:48.640,2023-04-05 23:08:34.573
Fn_GetSoThuTuDot,SQL_SCALAR_FUNCTION,2018-01-25 14:38:48.660,2023-04-05 23:08:34.577
Fn_GetSoTienDaNopDKHP,SQL_SCALAR_FUNCTION,2018-01-25 14:38:48.687,2023-04-05 23:08:34.577
Fn_GetSoTienDaNopDKT,SQL_SCALAR_FUNCTION,2018-01-25 14:38:48.700,2023-04-05 23:08:34.577
Fn_GetSoTinChiCTK,SQL_SCALAR_FUNCTION,2018-01-25 14:38:48.720,2024-10-09 16:16:20.427
Fn_GetSystemConfig,SQL_SCALAR_FUNCTION,2018-01-25 14:38:48.740,2023-04-05 23:08:34.580
Fn_GetTableId,SQL_SCALAR_FUNCTION,2018-01-25 14:38:48.763,2023-04-05 23:08:34.580
Fn_GetTableXepLoaiTC_NC,SQL_TABLE_VALUED_FUNCTION,2021-06-01 18:39:31.840,2023-03-24 18:13:26.527
Fn_GetTableXepLoaiTNNienCheTinChi,SQL_TABLE_VALUED_FUNCTION,2021-06-01 18:39:33.493,2021-06-01 18:39:33.500
Fn_GetTableXepLoaiTotNghiepTC,SQL_TABLE_VALUED_FUNCTION,2023-08-24 18:16:14.477,2023-10-02 17:41:08.167
Fn_GetTenDotHienHanh,SQL_SCALAR_FUNCTION,2019-02-25 14:57:48.970,2023-04-05 23:08:34.600
Fn_GetTenLoaiLopHocPhan,SQL_SCALAR_FUNCTION,2018-06-02 08:57:35.480,2023-04-05 23:08:34.640
Fn_GetTenLoaiThi,SQL_SCALAR_FUNCTION,2018-01-25 14:38:48.787,2023-04-05 23:08:34.580
Fn_GetTenMonHocCTK,SQL_SCALAR_FUNCTION,2018-01-25 14:38:40.990,2026-02-25 18:57:36.407
Fn_GetTenMonTheoDsID,SQL_SCALAR_FUNCTION,2019-02-25 14:58:21.997,2023-04-05 23:08:34.633
Fn_GetTenNSTheoDsID,SQL_SCALAR_FUNCTION,2021-08-09 18:11:34.290,2023-04-05 23:08:34.640
Fn_GetTenTinhHuyenXa,SQL_SCALAR_FUNCTION,2020-05-14 14:26:28.900,2025-11-05 16:29:10.270
Fn_GetTenTrangThaiDeXuat,SQL_SCALAR_FUNCTION,2021-01-16 10:38:57.600,2025-07-09 17:41:04.793
Fn_GetTenTrangThaiDeXuatHSSV,SQL_SCALAR_FUNCTION,2021-08-09 18:11:34.323,2025-04-21 15:48:05.093
Fn_GetTenTrangThaiDeXuatHSTSTT,SQL_SCALAR_FUNCTION,2021-09-05 21:55:41.300,2023-04-05 23:08:34.573
Fn_GetTenTuan,SQL_SCALAR_FUNCTION,2018-01-25 14:38:48.817,2023-04-05 23:08:34.580
Fn_GetTextFromFirstStringData,SQL_SCALAR_FUNCTION,2025-07-09 17:41:04.657,2025-07-09 17:41:04.657
Fn_GetTextFromStringData,SQL_SCALAR_FUNCTION,2025-06-18 14:50:39.230,2025-06-18 14:50:39.230
Fn_GetTextGioiTinh,SQL_SCALAR_FUNCTION,2018-01-25 14:38:48.837,2023-04-05 23:08:34.580
Fn_GetThoiGianDaoTao,SQL_TABLE_VALUED_FUNCTION,2025-08-04 16:30:06.343,2026-01-14 16:57:29.763
Fn_GetThoiGianKeHoachSinhVien,SQL_SCALAR_FUNCTION,2024-04-03 14:58:40.733,2025-08-04 16:30:06.457
Fn_GetThongTinTaiKhoan,SQL_SCALAR_FUNCTION,2023-03-07 17:32:35.990,2025-11-19 16:47:42.103
Fn_GetThuTrongTuan,SQL_SCALAR_FUNCTION,2018-01-25 14:38:48.853,2023-04-05 23:08:34.583
Fn_GetTietHocKhongTrung,SQL_TABLE_VALUED_FUNCTION,2019-02-25 14:58:22.077,2019-02-25 14:58:22.087
Fn_GetTinhByTen,SQL_SCALAR_FUNCTION,2023-04-24 17:32:24.897,2023-04-24 17:32:24.900
Fn_GetTKBConfig,SQL_SCALAR_FUNCTION,2018-01-25 14:38:48.870,2023-04-05 23:08:34.587
Fn_GetTongDuNoHocVienDTBD,SQL_SCALAR_FUNCTION,2019-08-09 11:49:24.110,2023-04-05 23:08:34.570
Fn_GetTongDuNoSinhVien,SQL_SCALAR_FUNCTION,2018-01-25 14:38:48.890,2023-11-08 14:48:30.330
Fn_GetTongDuNoSinhVienTheoTinhChat,SQL_TABLE_VALUED_FUNCTION,2023-02-15 17:51:25.547,2025-11-05 16:29:10.297
Fn_GetTongTietDayLichHoc,SQL_SCALAR_FUNCTION,2018-01-25 14:38:48.907,2023-04-05 23:08:34.590
Fn_GetTop2Diem4HK,SQL_SCALAR_FUNCTION,2020-05-14 14:26:29.000,2023-04-05 23:08:34.583
Fn_GetTop3Diem6HK_BVU,SQL_SCALAR_FUNCTION,2021-01-16 10:38:57.747,2023-04-05 23:08:34.607
Fn_GetTrangThaiSinhVienGoc,SQL_SCALAR_FUNCTION,2020-04-06 11:23:48.373,2023-04-05 23:08:34.620
Fn_GetUniversity,SQL_SCALAR_FUNCTION,2018-01-25 14:38:34.667,2023-04-05 23:08:34.660
Fn_GetValueNullOrEmpty,SQL_SCALAR_FUNCTION,2023-03-07 17:31:08.170,2023-04-05 23:08:34.603
Fn_GetWeekNumberOfMonth,SQL_SCALAR_FUNCTION,2025-01-08 14:54:40.947,2025-01-08 14:54:40.947
FN_GetWhereSelectNhanSuHrm,SQL_SCALAR_FUNCTION,2024-07-11 17:09:58.357,2024-07-11 17:09:58.357
Fn_GetXepLoaiByIndex,SQL_SCALAR_FUNCTION,2018-01-25 14:38:48.940,2023-04-05 23:08:34.590
Fn_GetXepLoaiTC_NC,SQL_SCALAR_FUNCTION,2019-10-25 08:57:34.763,2023-04-05 23:08:34.570
Fn_GetXepLoaiTNNienCheTinChi,SQL_SCALAR_FUNCTION,2018-01-25 14:38:49.023,2023-04-05 23:08:34.593
FN_GhepLopDSLichHoc,SQL_TABLE_VALUED_FUNCTION,2018-01-25 14:38:49.050,2018-01-25 14:38:49.060
Fn_HashMD5,SQL_SCALAR_FUNCTION,2018-01-25 14:38:49.080,2023-04-05 23:08:34.593
Fn_HDDT_TableInvoiceStatus,SQL_TABLE_VALUED_FUNCTION,2022-08-01 19:16:47.207,2022-10-13 17:48:09.030
Fn_HDDT_TableSignStatus,SQL_TABLE_VALUED_FUNCTION,2022-08-01 19:16:47.213,2022-08-05 17:21:37.910
Fn_HPGN_GetDanhSachLopHocPhanByIDDot,SQL_TABLE_VALUED_FUNCTION,2023-03-07 17:31:07.493,2024-10-09 16:16:20.547
Fn_HPGN_GetLopHocPhanByIDDot,SQL_TABLE_VALUED_FUNCTION,2023-03-07 17:31:07.407,2024-10-09 16:16:20.527
Fn_HPGN_GetLopHocPhanMienGiamByIDDot,SQL_TABLE_VALUED_FUNCTION,2023-06-27 17:50:21.397,2024-10-09 16:16:20.470
Fn_HUCEGetSiSoDangKy,SQL_SCALAR_FUNCTION,2024-02-19 10:52:48.447,2024-02-19 10:52:48.447
Fn_InitCap,SQL_SCALAR_FUNCTION,2018-01-25 14:38:49.107,2023-04-05 23:08:34.593
Fn_InnerDate,SQL_SCALAR_FUNCTION,2018-01-25 14:38:49.123,2023-04-05 23:08:34.593
Fn_InnerPeriod,SQL_SCALAR_FUNCTION,2018-01-25 14:38:49.140,2023-04-05 23:08:34.597
Fn_IntersecDateNullableCommpareDate,SQL_SCALAR_FUNCTION,2018-01-25 14:38:49.153,2023-04-05 23:08:34.597
Fn_IntersectDate,SQL_SCALAR_FUNCTION,2018-01-25 14:38:39.790,2023-04-05 23:08:34.617
Fn_IntersectPeriod,SQL_SCALAR_FUNCTION,2018-01-25 14:38:49.163,2023-04-05 23:08:34.597
Fn_IntToRoman,SQL_SCALAR_FUNCTION,2025-12-17 16:56:06.733,2025-12-17 16:56:06.733
Fn_IsCoSoXepLich,SQL_SCALAR_FUNCTION,2018-01-25 14:38:49.177,2023-04-05 23:08:34.597
Fn_IsDaChi,SQL_SCALAR_FUNCTION,2018-01-25 14:38:40.087,2023-04-05 23:08:34.640
Fn_IsDuKienThuCoDongPhi,SQL_SCALAR_FUNCTION,2018-01-25 14:38:49.193,2023-04-05 23:08:34.597
Fn_IsDuKienThuDaChi,SQL_SCALAR_FUNCTION,2018-01-25 14:38:49.217,2023-04-05 23:08:34.600
Fn_IsExistCode,SQL_SCALAR_FUNCTION,2018-01-25 14:38:49.230,2023-04-05 23:08:34.600
Fn_IsGiangVienTamNgung,SQL_SCALAR_FUNCTION,2018-01-25 14:38:49.247,2023-04-05 23:08:34.600
Fn_IsGiangVienTrong,SQL_SCALAR_FUNCTION,2018-01-25 14:38:49.270,2023-04-05 23:08:34.600
Fn_IsHanCheThaoTac,SQL_SCALAR_FUNCTION,2021-06-01 18:39:37.057,2023-04-05 23:08:34.597
Fn_IsKhoaCungCoSo,SQL_SCALAR_FUNCTION,2018-01-25 14:38:49.287,2023-04-05 23:08:34.600
Fn_IsLichHocLegal,SQL_SCALAR_FUNCTION,2018-01-25 14:38:49.303,2023-04-05 23:08:34.600
Fn_IsLichHocTamNgung,SQL_SCALAR_FUNCTION,2018-01-25 14:38:49.317,2023-04-05 23:08:34.603
Fn_IsLichHocTrong_LichThi,SQL_SCALAR_FUNCTION,2018-01-25 14:38:49.337,2023-04-05 23:08:34.603
Fn_IsLichHocTrung,SQL_SCALAR_FUNCTION,2018-01-25 14:38:49.367,2023-04-05 23:08:34.607
Fn_IsLichThiLegal,SQL_SCALAR_FUNCTION,2018-01-25 14:38:49.390,2023-04-05 23:08:34.607
Fn_IsLichThiTrung,SQL_SCALAR_FUNCTION,2018-01-25 14:38:49.407,2023-04-05 23:08:34.607
Fn_IsLopHocPhanHasLichHoc,SQL_SCALAR_FUNCTION,2018-01-25 14:38:49.423,2023-04-05 23:08:34.610
Fn_IsMonHocPhanCoMoLop,SQL_SCALAR_FUNCTION,2018-01-25 14:38:49.443,2024-10-09 16:16:20.553
Fn_IsSHCN,SQL_SCALAR_FUNCTION,2018-01-25 14:38:49.463,2023-04-05 23:08:34.610
Fn_IsSinhVienDauOrDangHocLopHocPhan,SQL_SCALAR_FUNCTION,2018-01-25 14:38:49.480,2023-04-05 23:08:34.610
Fn_IsSVDuocPhepDangKyThiLai,SQL_SCALAR_FUNCTION,2020-04-06 11:24:20.337,2026-01-14 16:57:29.747
Fn_IsTinChiChoPhepThiLai,SQL_SCALAR_FUNCTION,2018-01-25 14:38:49.497,2023-04-05 23:08:34.610
Fn_IsTinChiChoPhepThiLai2,SQL_SCALAR_FUNCTION,2019-12-20 15:30:49.720,2023-04-05 23:08:34.667
Fn_JoinDateWithTime,SQL_SCALAR_FUNCTION,2018-01-25 14:38:49.520,2023-04-05 23:08:34.613
Fn_KiemTraMonHocPhanRangBuoc,SQL_SCALAR_FUNCTION,2018-01-25 14:38:49.553,2024-10-09 16:16:20.490
Fn_KiemTraTrangThaiDangHocSV,SQL_SCALAR_FUNCTION,2018-01-25 14:38:39.227,2024-10-30 11:25:50.253
Fn_KS_GetTreePathByNode,SQL_SCALAR_FUNCTION,2022-01-12 18:25:23.837,2025-01-08 14:54:40.970
Fn_KS_GetTreePathFromIDCauHoi,SQL_SCALAR_FUNCTION,2022-01-14 14:40:38.717,2023-04-05 23:08:34.593
Fn_KT_GetDanhSachDuKienThuByKHTCTL,SQL_TABLE_VALUED_FUNCTION,2025-01-08 14:54:40.960,2025-01-08 14:54:40.960
FN_KT_GetDonGiaHocPhi,SQL_TABLE_VALUED_FUNCTION,2022-07-11 18:47:18.430,2024-07-11 17:09:58.530
FN_KT_GetGiaTriNopTuongUngTyLeMGCK,SQL_SCALAR_FUNCTION,2023-07-19 17:46:25.353,2023-07-19 17:46:25.357
Fn_KT_GetKhoanMucMienGiam,SQL_SCALAR_FUNCTION,2022-08-01 19:16:51.180,2023-04-05 23:08:34.687
Fn_KT_GetLoaiNghiepVuPhanBo,SQL_SCALAR_FUNCTION,2022-08-01 19:16:51.183,2024-12-18 16:53:45.420
Fn_KT_GetMaDongBo,SQL_SCALAR_FUNCTION,2022-07-15 17:46:28.867,2023-04-05 23:08:34.613
Fn_KT_GetMienGiamDatCocByIDThiSinh,SQL_TABLE_VALUED_FUNCTION,2023-03-24 18:13:27.240,2024-07-11 17:09:58.560
Fn_KT_GetMienGiamNhapHoc,SQL_TABLE_VALUED_FUNCTION,2019-12-20 15:30:49.370,2025-07-18 16:43:01.687
Fn_KT_GetMienGiamNhapHoc_TSOnline,SQL_TABLE_VALUED_FUNCTION,2023-05-23 17:41:11.567,2025-07-18 16:43:01.660
Fn_KT_GetMienGiamNhapHocMultiNganh,SQL_TABLE_VALUED_FUNCTION,2020-04-06 11:24:20.407,2025-07-18 16:43:01.753
Fn_KT_GetMienGiamNhapHocTheoHanNop,SQL_TABLE_VALUED_FUNCTION,2021-06-01 18:39:38.187,2024-10-09 16:16:20.570
FN_KT_GetTienMienGiamOrChietKhau,SQL_SCALAR_FUNCTION,2023-07-19 17:46:22.237,2023-07-19 17:46:22.240
Fn_KT_GetUrlHDDT,SQL_SCALAR_FUNCTION,2019-08-09 11:55:44.623,2023-04-05 23:08:34.570
Fn_KT_MienGiamNhapHoc_HocPhiNhapHoc,SQL_TABLE_VALUED_FUNCTION,2025-07-18 16:43:01.573,2025-07-18 16:43:01.573
Fn_KT_MienGiamNhapHoc_TyLeMienGiam,SQL_TABLE_VALUED_FUNCTION,2025-07-18 16:43:01.603,2025-07-18 16:43:01.603
Fn_KT_SubIdKeHoachThuChungTheoLop,SQL_SCALAR_FUNCTION,2025-01-08 14:54:40.937,2025-01-08 14:54:40.937
FN_KT_TinhHocPhiTinChi,SQL_SCALAR_FUNCTION,2022-07-11 18:47:17.670,2023-04-05 23:08:34.650
Fn_KT_TinhPhanTramNopHocPhi,SQL_SCALAR_FUNCTION,2022-08-25 17:41:21.470,2024-07-11 17:09:58.570
Fn_KT_TinhSoTienDaChi,SQL_SCALAR_FUNCTION,2023-01-04 17:37:34.480,2023-04-05 23:08:34.680
Fn_KT_TinhSoTienDaPhanBo,SQL_SCALAR_FUNCTION,2022-08-15 18:53:18.357,2023-12-06 14:41:28.543
Fn_KT_TinhSoTienDaThu,SQL_SCALAR_FUNCTION,2023-01-04 17:37:34.487,2023-04-05 23:08:34.680
Fn_KTX_GetDotTheoThangNam,SQL_SCALAR_FUNCTION,2019-02-25 14:58:22.153,2023-04-05 23:08:34.643
Fn_KTX_GetTongCongNo,SQL_SCALAR_FUNCTION,2018-01-25 14:38:49.593,2023-10-02 17:41:10.207
Fn_KTX_GetTongDuNoNguoiO,SQL_SCALAR_FUNCTION,2018-01-25 14:38:49.610,2023-04-05 23:08:34.617
Fn_KTX_GetTongDuNoPhong,SQL_SCALAR_FUNCTION,2018-01-25 14:38:49.630,2024-07-11 17:09:58.423
Fn_KTX_GetTongTamThuDaNopByNgayDK,SQL_SCALAR_FUNCTION,2025-09-17 16:16:24.813,2025-09-17 16:16:24.813
Fn_KTX_GetTongTienDaDongNguoiO,SQL_SCALAR_FUNCTION,2023-11-08 14:48:36.003,2023-11-08 14:48:36.007
Fn_KTX_GetTrangThaiDangKyNoiTru,SQL_SCALAR_FUNCTION,2023-12-06 14:41:35.417,2023-12-06 14:41:35.417
Fn_KTX_KiemTraDangKyNoiTru,SQL_SCALAR_FUNCTION,2023-12-06 14:41:35.420,2023-12-06 14:41:35.420
FN_KTX_TimGiuongTrongByPhong,SQL_SCALAR_FUNCTION,2025-10-22 22:28:35.740,2025-10-22 22:28:35.740
Fn_KTX_TinhCongNoNoiTru,SQL_SCALAR_FUNCTION,2019-08-09 11:49:39.707,2023-04-05 23:08:34.570
Fn_KTX_TinhPhiDieuChuyenCuDaNop,SQL_SCALAR_FUNCTION,2025-10-24 09:42:40.280,2025-10-24 09:42:40.280
Fn_KTX_TinhPhiDieuChuyenDaNop,SQL_SCALAR_FUNCTION,2025-09-17 16:16:24.817,2025-09-17 16:16:24.817
Fn_KTX_TinhSoTienDaNop,SQL_SCALAR_FUNCTION,2019-11-14 17:47:42.280,2023-04-05 23:08:34.587
Fn_LamTronDiemByStep,SQL_SCALAR_FUNCTION,2018-01-25 14:38:49.650,2023-04-05 23:08:34.620
Fn_LamTronDiemXetTuyen,SQL_SCALAR_FUNCTION,2020-09-17 09:35:17.600,2023-04-05 23:08:34.690
Fn_LastIndexOf,SQL_SCALAR_FUNCTION,2019-02-25 14:58:22.197,2023-04-05 23:08:34.647
Fn_LengthMaSV,SQL_SCALAR_FUNCTION,2018-01-25 14:38:49.670,2023-04-05 23:08:34.620
Fn_LH_GetMeetingId,SQL_SCALAR_FUNCTION,2021-06-01 18:39:37.023,2023-04-05 23:08:34.593
Fn_LoaiMonThuNhapHoc,SQL_SCALAR_FUNCTION,2018-01-25 14:38:37.807,2023-04-05 23:08:34.607
Fn_MaxDate,SQL_SCALAR_FUNCTION,2018-01-25 14:38:41.357,2023-04-05 23:08:34.590
Fn_MD5,SQL_SCALAR_FUNCTION,2018-01-25 14:38:37.893,2023-04-05 23:08:34.610
Fn_MinDate,SQL_SCALAR_FUNCTION,2018-01-25 14:38:41.373,2023-04-05 23:08:34.590
Fn_MinusDate,SQL_SCALAR_FUNCTION,2018-01-25 14:38:39.583,2023-04-05 23:08:34.610
Fn_MinValue,SQL_SCALAR_FUNCTION,2018-01-25 14:38:49.687,2023-04-05 23:08:34.620
fn_MultipleReplace,SQL_SCALAR_FUNCTION,2025-01-08 14:54:40.950,2025-01-08 14:54:40.950
Fn_NegativeIsZero,SQL_SCALAR_FUNCTION,2018-01-25 14:38:49.703,2023-04-05 23:08:34.620
Fn_NgaySinhE,SQL_SCALAR_FUNCTION,2019-02-25 14:58:22.233,2023-04-05 23:08:34.647
Fn_NgayThucTeLich,SQL_SCALAR_FUNCTION,2018-01-25 14:38:49.720,2023-04-05 23:08:34.623
Fn_NhanHeSoLopDong,SQL_SCALAR_FUNCTION,2018-01-25 14:38:49.740,2023-04-05 23:08:34.623
Fn_NormalizeDateTime,SQL_SCALAR_FUNCTION,2024-07-11 17:09:58.303,2024-07-11 17:09:58.303
fn_PadLeft,SQL_SCALAR_FUNCTION,2018-01-25 14:38:35.010,2023-04-05 23:08:34.680
fn_PadRightDiemMonTT,SQL_SCALAR_FUNCTION,2020-09-17 09:35:17.643,2023-04-05 23:08:34.690
Fn_RandomInterger,SQL_SCALAR_FUNCTION,2018-01-25 14:38:49.760,2023-04-05 23:08:34.623
Fn_RandomNumber,SQL_SCALAR_FUNCTION,2018-01-25 14:38:49.783,2023-04-05 23:08:34.623
Fn_RL_DinhDangSTTNhieuCap,SQL_SCALAR_FUNCTION,2022-02-21 17:46:34.143,2023-04-05 23:08:34.563
Fn_RL_GetPreStep,SQL_SCALAR_FUNCTION,2024-07-11 17:09:58.333,2024-07-11 17:09:58.333
FN_RoundHalfUpDecimal_7_2,SQL_SCALAR_FUNCTION,2025-09-17 16:16:24.810,2025-09-17 16:16:24.810
Fn_RutGonTenTinhHuyenXa,SQL_SCALAR_FUNCTION,2025-12-08 17:00:28.790,2025-12-15 15:49:00.553
FN_RutNganHocKyNamHoc,SQL_SCALAR_FUNCTION,2018-01-25 14:38:49.807,2023-04-05 23:08:34.627
fn_SafeCaseName,SQL_SCALAR_FUNCTION,2018-01-25 14:38:49.827,2023-04-05 23:08:34.627
Fn_SCHE_CheckChoPhepTamNgungLichHocTheoNgay,SQL_SCALAR_FUNCTION,2018-01-25 14:38:49.850,2025-10-22 16:45:02.890
Fn_SCHE_CheckTrungThoiGianTienDoDaoTao,SQL_SCALAR_FUNCTION,2018-01-25 14:38:49.867,2023-04-05 23:08:34.630
Fn_SCHE_GetDanhSachGiangVienLichHoc,SQL_SCALAR_FUNCTION,2018-01-25 14:38:49.887,2023-04-05 23:08:34.630
Fn_SCHE_GetDanhSachPhongHocLichHoc,SQL_SCALAR_FUNCTION,2018-01-25 14:38:49.910,2023-04-05 23:08:34.633
Fn_SCHE_GetThuTuTuanTrongTienDo,SQL_SCALAR_FUNCTION,2018-01-25 14:38:49.930,2023-04-05 23:08:34.633
Fn_SCHE_GetTuNgayDM_NamHoc,SQL_SCALAR_FUNCTION,2019-10-25 08:57:35.487,2023-04-05 23:08:34.587
Fn_SCHE_TinhSoTuanTheoTuNgayDM_NamHoc,SQL_SCALAR_FUNCTION,2019-10-25 08:57:35.527,2023-04-05 23:08:34.587
Fn_SoCaHocTrongTuan,SQL_SCALAR_FUNCTION,2019-02-25 14:58:22.287,2023-04-05 23:08:34.650
Fn_SoLuongSinhVienDangHocThoiDiemHienTai,SQL_SCALAR_FUNCTION,2019-12-20 15:30:46.423,2023-04-05 23:08:34.657
Fn_SoLuongSinhVienNhapHoc,SQL_SCALAR_FUNCTION,2019-12-20 15:30:46.343,2023-04-05 23:08:34.653
Fn_Split,SQL_TABLE_VALUED_FUNCTION,2018-01-25 14:38:34.130,2022-01-22 12:34:42.650
Fn_Split_Nvar,SQL_TABLE_VALUED_FUNCTION,2018-01-25 14:38:36.027,2018-01-25 14:38:36.037
Fn_SplitStringToTable,SQL_TABLE_VALUED_FUNCTION,2018-01-25 14:38:49.957,2022-11-18 18:04:08.320
Fn_String2Date,SQL_SCALAR_FUNCTION,2018-01-25 14:38:49.983,2023-04-05 23:08:34.637
Fn_StripExcessiveSpace,SQL_SCALAR_FUNCTION,2023-12-21 17:18:52.213,2023-12-21 17:18:52.217
Fn_StripHTML,SQL_SCALAR_FUNCTION,2025-01-08 14:54:40.933,2025-01-08 14:54:40.933
Fn_SuDungDonGiaHocLai,SQL_SCALAR_FUNCTION,2019-02-25 14:57:43.610,2025-03-26 16:04:20.653
Fn_SYN_GetLoaiKhoanChi,SQL_SCALAR_FUNCTION,2022-05-24 18:05:26.100,2023-04-05 23:08:34.580
Fn_TableMucDiemTuongTuHanhKiem,SQL_TABLE_VALUED_FUNCTION,2025-03-26 16:04:20.610,2025-03-26 16:04:20.610
Fn_TableXepLoaiHanhKiem,SQL_TABLE_VALUED_FUNCTION,2020-04-06 11:24:20.480,2025-03-26 16:04:20.703
Fn_TC_DanhMucLoaiThu,SQL_TABLE_VALUED_FUNCTION,2025-06-18 14:50:39.220,2025-06-18 14:50:39.220
Fn_TC_GetMaDongBoByMaHoSo,SQL_SCALAR_FUNCTION,2022-08-01 19:16:47.490,2023-04-05 23:08:34.683
Fn_TC_GetMaThue,SQL_SCALAR_FUNCTION,2022-07-11 18:47:18.357,2023-04-05 23:08:34.660
Fn_TC_GetNgayTaoByIDSoThuTrucTuyen,SQL_SCALAR_FUNCTION,2026-01-14 16:57:29.730,2026-01-14 16:57:29.730
Fn_TC_GetNghiepVuThuTienKhac,SQL_SCALAR_FUNCTION,2022-06-20 17:50:54.027,2023-04-24 17:32:19.420
Fn_TC_HD_GetCongNoSinhVienDangKyMoiByDot,SQL_SCALAR_FUNCTION,2023-07-11 17:53:05.010,2023-07-11 17:53:05.010
Fn_TC_HD_GetMucHocPhiSinhVienDangKyMoiByDot,SQL_SCALAR_FUNCTION,2024-07-11 17:09:58.363,2024-07-11 17:09:58.363
Fn_TC_KiemTraTrungCMNDNhapHoc,SQL_SCALAR_FUNCTION,2023-09-12 17:27:03.890,2023-09-12 17:27:03.893
Fn_TC_LoaiDonGiaCoiThiChamThi,SQL_TABLE_VALUED_FUNCTION,2024-07-11 17:09:58.340,2024-07-11 17:09:58.340
Fn_TC_MG_GetPhanTramMienGiam,SQL_TABLE_VALUED_FUNCTION,2023-04-24 17:32:19.290,2023-06-15 17:47:44.210
Fn_TC_MG_GetSoTienMienGiamConLai,SQL_TABLE_VALUED_FUNCTION,2023-04-24 17:32:18.810,2023-09-07 18:03:23.603
Fn_TC_ThoiGianChoPhepThanhToan,SQL_SCALAR_FUNCTION,2020-04-06 11:24:20.543,2025-10-22 16:45:02.897
Fn_Thi_GetMucDichThamDu,SQL_SCALAR_FUNCTION,2020-05-14 14:26:29.047,2023-04-05 23:08:34.587
Fn_Thi_GetNgayLamViecTiepTheo,SQL_SCALAR_FUNCTION,2020-05-14 14:26:00.147,2023-04-05 23:08:34.577
FN_ThongKe_THGD_Khoa,SQL_TABLE_VALUED_FUNCTION,2018-01-25 14:38:50.043,2018-01-25 14:38:50.063
Fn_TimLopHocTrong,SQL_SCALAR_FUNCTION,2018-01-25 14:38:50.080,2023-04-05 23:08:34.653
Fn_TinhCongNoHocPhi,SQL_SCALAR_FUNCTION,2019-02-25 14:57:43.553,2025-10-22 16:45:02.943
Fn_TinhDiemMonTuyenSinhTHPT_UNETI,SQL_SCALAR_FUNCTION,2020-09-17 09:35:17.697,2023-04-05 23:08:34.690
Fn_TinhDiemMonTuyenSinhTHPT_VAA,SQL_SCALAR_FUNCTION,2021-06-01 18:40:19.500,2023-04-05 23:08:34.600
Fn_TinhDiemTBByTop2Diem4HK_V3,SQL_SCALAR_FUNCTION,2023-02-03 17:11:25.533,2023-04-05 23:08:34.587
Fn_TinhDiemTBThucHanh,SQL_SCALAR_FUNCTION,2019-06-21 10:17:10.897,2023-04-05 23:08:34.593
Fn_TinhLoaiDiemByTop2Diem4HK_V3,SQL_SCALAR_FUNCTION,2023-02-03 17:11:25.540,2023-04-05 23:08:34.590
Fn_TinhSiSoSinhVien,SQL_SCALAR_FUNCTION,2018-01-25 14:38:50.103,2023-04-05 23:08:34.653
Fn_TinhSoTienDaNop,SQL_SCALAR_FUNCTION,2019-02-25 14:58:22.320,2023-04-05 23:08:34.653
Fn_TinhSoTietQuyDoi,SQL_SCALAR_FUNCTION,2018-01-25 14:38:50.130,2023-04-05 23:08:34.653
Fn_TinhTongSoSinhVienTheoHeDaoTao,SQL_SCALAR_FUNCTION,2018-01-25 14:38:50.150,2023-04-05 23:08:34.657
Fn_TinhTongSoSinhVienTheoHeDaoTao_PQBacLoai,SQL_SCALAR_FUNCTION,2020-12-15 09:11:50.357,2023-04-05 23:08:34.663
Fn_TinhTongSoTinChiDangKyToanKhoa,SQL_SCALAR_FUNCTION,2019-11-14 17:47:42.407,2023-04-05 23:08:34.590
Fn_TinhTongTienThuPhiTuDo,SQL_SCALAR_FUNCTION,2022-11-29 17:52:51.583,2023-04-05 23:08:34.640
Fn_TinhTongTietDayThucTeLichHoc,SQL_SCALAR_FUNCTION,2018-01-25 14:38:50.170,2023-04-05 23:08:34.657
Fn_TKB_GetNgayBatDauHocLHP,SQL_SCALAR_FUNCTION,2024-04-03 14:58:27.460,2024-04-03 14:58:27.463
Fn_TKB_GetNgayKetThucHocLHP,SQL_SCALAR_FUNCTION,2023-05-23 17:41:19.020,2023-05-23 17:41:19.023
Fn_TKB_GetNoiDungLichThiTiengAnh,SQL_SCALAR_FUNCTION,2021-09-15 11:25:25.820,2024-07-11 17:09:58.490
Fn_TKB_GetSoTietDaXL,SQL_SCALAR_FUNCTION,2022-08-25 17:41:22.420,2023-04-05 23:08:34.680
Fn_TKB_TaoMaHocPhan,SQL_SCALAR_FUNCTION,2023-08-03 18:10:35.917,2024-07-11 17:09:58.440
Fn_TongHopKetQuaTuyenSinh,SQL_TABLE_VALUED_FUNCTION,2018-01-25 14:38:50.193,2018-01-25 14:38:50.200
Fn_TongSoTienDaKhauTru,SQL_SCALAR_FUNCTION,2018-01-25 14:38:50.220,2023-04-05 23:08:34.660
Fn_TongSoTienDaXuLyMienGiam,SQL_SCALAR_FUNCTION,2023-09-07 18:03:28.120,2023-09-07 18:03:28.120
Fn_Trim,SQL_SCALAR_FUNCTION,2019-02-25 14:58:22.360,2023-04-05 23:08:34.653
Fn_TS_BuildSoLuongNguyenVong,SQL_SCALAR_FUNCTION,2019-12-20 15:31:19.863,2023-04-05 23:08:34.673
Fn_TS_GeneratePwd,SQL_SCALAR_FUNCTION,2024-07-11 17:09:58.347,2024-07-11 17:09:58.347
FN_TS_GenMaHoSoTuyenSinh,SQL_SCALAR_FUNCTION,2024-10-30 11:25:50.220,2025-04-21 15:48:05.117
FN_TS_GenMaHoSoXetTuyenTheoDeAn,SQL_SCALAR_FUNCTION,2018-01-25 14:38:50.243,2023-04-05 23:08:34.660
Fn_TS_GetCTTuyenSinhDKMonNK,SQL_SCALAR_FUNCTION,2020-09-17 09:34:36.457,2023-04-05 23:08:34.670
Fn_TS_GetDiemMonThiTuyenSinh,SQL_SCALAR_FUNCTION,2020-09-17 09:35:17.747,2023-04-05 23:08:34.690
Fn_TS_GetDiemThiMonNangKhieu,SQL_SCALAR_FUNCTION,2020-09-17 09:35:17.810,2023-04-05 23:08:34.690
Fn_TS_GetDiemTrungTuyen,SQL_SCALAR_FUNCTION,2020-09-17 09:35:17.880,2023-04-05 23:08:34.693
Fn_TS_GetDSIDKhoanTamThuGiuCho,SQL_TABLE_VALUED_FUNCTION,2023-04-24 17:32:18.830,2023-04-24 17:32:18.833
Fn_TS_GetHocPhiNhapHoc_HIC,SQL_SCALAR_FUNCTION,2025-04-29 15:57:46.417,2025-12-17 16:56:06.753
FN_TS_GetHoSoChuaNopByIDThiSinh,SQL_SCALAR_FUNCTION,2020-12-15 09:11:03.003,2023-04-05 23:08:34.637
Fn_TS_GetIDChiTietTuyenSinh,SQL_SCALAR_FUNCTION,2018-01-25 14:38:50.283,2023-04-05 23:08:34.663
Fn_TS_GetKeHoachThuChungNhapHoc_HIC,SQL_SCALAR_FUNCTION,2025-04-29 15:57:46.410,2025-04-29 15:57:46.410
Fn_TS_GetLoaiCotDiemByField,SQL_SCALAR_FUNCTION,2023-03-07 17:31:08.307,2023-04-05 23:08:34.603
Fn_TS_GetLoaiMonMonThiNangKhieu,SQL_SCALAR_FUNCTION,2020-09-17 09:35:17.947,2023-04-05 23:08:34.693
Fn_TS_GetNamTotNghiep,SQL_SCALAR_FUNCTION,2018-01-25 14:38:50.540,2023-04-05 23:08:34.663
Fn_TS_GetSoHoSoChuaNop,SQL_SCALAR_FUNCTION,2020-12-15 09:11:50.410,2023-04-05 23:08:34.663
Fn_TS_GetSoLuongHoSoDangKy,SQL_SCALAR_FUNCTION,2020-09-17 09:35:18.013,2023-04-05 23:08:34.560
Fn_TS_GetSoLuongHSNV,SQL_SCALAR_FUNCTION,2020-09-17 09:35:18.057,2023-04-05 23:08:34.563
Fn_TS_GetSoLuongTrungTuyen,SQL_SCALAR_FUNCTION,2020-09-17 09:35:18.107,2023-04-05 23:08:34.563
Fn_TS_GetTruongChuyen_TenTinh,SQL_SCALAR_FUNCTION,2020-05-14 14:25:57.040,2023-04-05 23:08:34.577
Fn_TS_QuyDoiDiemHe4,SQL_SCALAR_FUNCTION,2025-01-08 14:54:40.943,2025-01-08 14:54:40.943
FN_TS_TinhDiemUuTien,SQL_SCALAR_FUNCTION,2019-11-14 17:47:05.030,2025-01-08 14:54:40.973
FN_TS_TinhDiemUuTien_2023,SQL_SCALAR_FUNCTION,2023-07-11 17:53:04.557,2025-10-22 22:28:35.757
Fn_TS_TinhSoMonThi,SQL_TABLE_VALUED_FUNCTION,2020-09-17 09:35:18.137,2020-09-17 09:35:18.143
Fn_TuanCuaNam,SQL_TABLE_VALUED_FUNCTION,2023-07-11 17:53:05.017,2023-07-19 17:46:22.303
Fn_Unicode2ABC,SQL_SCALAR_FUNCTION,2018-01-25 14:38:50.823,2023-04-05 23:08:34.663
Fn_V2_EDU_CheckExistDot,SQL_SCALAR_FUNCTION,2025-09-17 16:16:24.820,2025-09-17 16:16:24.820
Fn_V2_EDU_ConvertXML_NK_TongHop_ToTable,SQL_SCALAR_FUNCTION,2025-09-17 16:16:24.830,2025-12-17 16:56:06.770
Fn_V2_EDU_GetMaxThuTuLopHocPhan,SQL_SCALAR_FUNCTION,2025-09-17 16:16:24.803,2025-09-17 16:16:24.803
Fn_V2_EDU_TKB_TaoMaHocPhan,SQL_SCALAR_FUNCTION,2025-09-17 16:16:24.807,2025-09-17 16:16:24.807
Fn_V2_GetTableXepLoaiTC_NC,SQL_TABLE_VALUED_FUNCTION,2025-11-19 16:47:42.073,2025-11-19 16:47:42.073
Fn_V2_SCORE_GetBieuMauByKhoaHeLoai,SQL_SCALAR_FUNCTION,2026-01-14 16:57:29.727,2026-01-14 16:57:29.727
Fn_VietHoaChuCaiDau,SQL_SCALAR_FUNCTION,2022-10-13 17:48:12.553,2023-04-05 23:08:34.577
fn_VNIWINDOWS2UNICODE,SQL_SCALAR_FUNCTION,2018-01-25 14:38:50.880,2023-04-05 23:08:34.667
fTCVNToUnicode,SQL_SCALAR_FUNCTION,2021-10-19 02:18:47.677,2023-04-05 23:08:34.683
Func_FormatMaLopHocPhan,SQL_SCALAR_FUNCTION,2018-01-25 14:38:50.947,2023-04-05 23:08:34.667
Func_GetMaxThuTuLopHocPhan,SQL_SCALAR_FUNCTION,2018-01-25 14:38:51.067,2024-10-09 16:16:20.610
SP_GetdateInsect,SQL_SCALAR_FUNCTION,2018-01-25 14:38:51.550,2023-04-05 23:08:34.670
udf_HTMLDecode,SQL_SCALAR_FUNCTION,2022-03-07 18:03:37.433,2023-04-05 23:08:34.647
udf_StripHTML,SQL_SCALAR_FUNCTION,2022-03-07 18:03:37.443,2023-04-05 23:08:34.647
Unicode2ABC,SQL_SCALAR_FUNCTION,2018-01-25 14:38:51.970,2023-04-05 23:08:34.670
