"TABLE_CATALOG","TABLE_SCHEMA","TABLE_NAME","TABLE_TYPE"
EDU_NUCE,dbo,DT_DangKyHocPhanGhiNo,BASE TABLE
EDU_NUCE,dbo,DT_NC_SinhVienLamDoAnKhoaLuan,BASE TABLE
EDU_NUCE,dbo,ASC_TamUng_DM_CongTacPhi,BASE TABLE
EDU_NUCE,dbo,TKB_DuKienMoLopHocPhan,BASE TABLE
EDU_NUCE,dbo,DT_HB_DangKyXetHocBongNgoaiNganSach,BASE TABLE
EDU_NUCE,dbo,DT_XetHocBongNamHoc,BASE TABLE
EDU_NUCE,dbo,KTX_DieuChuyen,BASE TABLE
EDU_NUCE,dbo,DT_TongKetNamHoc_KQLanDau,BASE TABLE
EDU_NUCE,dbo,CC_MonHoc,BASE TABLE
EDU_NUCE,dbo,DT_KhaiBaoLuanVan,BASE TABLE
EDU_NUCE,dbo,DT_HanhKiemSinhVien,BASE TABLE
EDU_NUCE,dbo,ES_TL_DeThi,BASE TABLE
EDU_NUCE,dbo,DTBD_HoSoHocVien,BASE TABLE
EDU_NUCE,dbo,TKB_KeHoachBanLichLopHoc,BASE TABLE
EDU_NUCE,dbo,DT_ChiTietApDungPhieuDanhGiaRenLuyen,BASE TABLE
EDU_NUCE,dbo,NK_DienBienMienGiam,BASE TABLE
EDU_NUCE,dbo,DM_PhanLoaiThiSinh,BASE TABLE
EDU_NUCE,dbo,HT_ThongBao,BASE TABLE
EDU_NUCE,dbo,_DM_TrangThaiXetTotNghiep,BASE TABLE
EDU_NUCE,dbo,KTX_NguoiONoiTru,BASE TABLE
EDU_NUCE,dbo,DCMH_DeCuongTrangThaiThaoTac,BASE TABLE
EDU_NUCE,dbo,NK_DT_ChuyenLop,BASE TABLE
EDU_NUCE,dbo,TKB_DanhSachLopXepLichHoc,BASE TABLE
EDU_NUCE,dbo,DT_NC_SoBaoDanhThiTotNghiep,BASE TABLE
EDU_NUCE,dbo,HoiDap_LoaiCauHoi,BASE TABLE
EDU_NUCE,dbo,DT_HB_DotXetHocBongNgoaiNganSach,BASE TABLE
EDU_NUCE,dbo,DM_LoaiVanBang,BASE TABLE
EDU_NUCE,dbo,CC_MonThiChungChiAnhVan,BASE TABLE
EDU_NUCE,dbo,KT_KeHoachThuHocPhiTheoKhoaHoc,BASE TABLE
EDU_NUCE,dbo,DT_QuyCheHocBong,BASE TABLE
EDU_NUCE,dbo,ES_TL_LichThiChiTiet,BASE TABLE
EDU_NUCE,dbo,DCMH_DM_ChuanDauRa,BASE TABLE
EDU_NUCE,dbo,DTBD_LopHocHocVien,BASE TABLE
EDU_NUCE,dbo,KT_DeXuatCapNhatHocPhi,BASE TABLE
EDU_NUCE,dbo,TS_ThiSinhOnlineLePhiDangKy,BASE TABLE
EDU_NUCE,dbo,API_DangKyHocPhan_TempTableImport,BASE TABLE
EDU_NUCE,dbo,TKB_GiangVienDuKien,BASE TABLE
EDU_NUCE,dbo,DM_PhuongXa,BASE TABLE
EDU_NUCE,dbo,KT_MienGiamHocPhi,BASE TABLE
EDU_NUCE,dbo,KTX_DinhMucDienNuoc,BASE TABLE
EDU_NUCE,dbo,TKB_LichThi,BASE TABLE
EDU_NUCE,dbo,HT_VanDeHeThong,BASE TABLE
EDU_NUCE,dbo,_DM_TS_NhomNganhTapTrung,BASE TABLE
EDU_NUCE,dbo,HT_LOCK_KTX_TinhDienNuoc,BASE TABLE
EDU_NUCE,dbo,TS_XuLyHoSoTrungTuyen,BASE TABLE
EDU_NUCE,dbo,TKB_LichHocGiangVien,BASE TABLE
EDU_NUCE,dbo,DT_NC_SoCotDiem,BASE TABLE
EDU_NUCE,dbo,CMS_LienHe_DMNganhDaoTao,BASE TABLE
EDU_NUCE,dbo,DD_CaptchaCode,BASE TABLE
EDU_NUCE,dbo,DM_TC_QuyDoiDiemCongRenLuyen,BASE TABLE
EDU_NUCE,dbo,CC_SoThuDangKyLuyenThi,BASE TABLE
EDU_NUCE,dbo,HT_CheckDBUpdate,BASE TABLE
EDU_NUCE,dbo,TS_DM_CauHoiKhaoSat,BASE TABLE
EDU_NUCE,dbo,DTBD_TKB_LichHoc,BASE TABLE
EDU_NUCE,dbo,API_DanhSachSinhVienDuThi_TempTableImport,BASE TABLE
EDU_NUCE,dbo,DT_KiemDuyetBangDiemLopHocPhan,BASE TABLE
EDU_NUCE,dbo,DT_TongHopDiemDanhTuan,BASE TABLE
EDU_NUCE,dbo,DM_QuanHe,BASE TABLE
EDU_NUCE,dbo,KTX_DM_CanSuPhong,BASE TABLE
EDU_NUCE,dbo,DM_TieuChuanXepLoaiHocBong,BASE TABLE
EDU_NUCE,dbo,IMP_SoThuKhacKhoanThuChung,BASE TABLE
EDU_NUCE,dbo,_DM_Web,BASE TABLE
EDU_NUCE,dbo,DCMH_DM_LinhVuc,BASE TABLE
EDU_NUCE,dbo,DT_TN_BoSungMonHocXetTotNghiep,BASE TABLE
EDU_NUCE,dbo,TS_CauHinhMaHoSoTS,BASE TABLE
EDU_NUCE,dbo,DT_NC_ThietLapQuyChe,BASE TABLE
EDU_NUCE,dbo,DM_DotCapChungChi,BASE TABLE
EDU_NUCE,dbo,EGOV_GiaoViecDanhGiaFileAttach,BASE TABLE
EDU_NUCE,dbo,TKB_KhoaCapGiangVienCoiThi,BASE TABLE
EDU_NUCE,dbo,DD_LichHocGiangVien_TMP,BASE TABLE
EDU_NUCE,dbo,KT_NC_KeHoachThu,BASE TABLE
EDU_NUCE,dbo,TS_ThiSinhOnlineDiemDuThiNK,BASE TABLE
EDU_NUCE,dbo,DM_KhoiKienThucThayTheKhoaLuan,BASE TABLE
EDU_NUCE,dbo,HT_DinhDangDiemSo,BASE TABLE
EDU_NUCE,dbo,DT_KetQuaDanhGiaRenLuyenTongHop,BASE TABLE
EDU_NUCE,dbo,API_DongBoDiemThi_TempTableImport,BASE TABLE
EDU_NUCE,dbo,DT_SinhVienGiaHanDangKyMoMon,BASE TABLE
EDU_NUCE,dbo,DM_TagLuuY,BASE TABLE
EDU_NUCE,dbo,KTX_DM_KhoanThu,BASE TABLE
EDU_NUCE,dbo,CC_SoThuDangKyThiChungChiAnhVan,BASE TABLE
EDU_NUCE,dbo,DT_TongKetDot,BASE TABLE
EDU_NUCE,dbo,KT_DM_HoSoMienGiam,BASE TABLE
EDU_NUCE,dbo,_DM_XepLoaiTotNghiep,BASE TABLE
EDU_NUCE,dbo,ES_MonHocTuongDuong,BASE TABLE
EDU_NUCE,dbo,DT_NC_XetTotNghiep,BASE TABLE
EDU_NUCE,dbo,DT_CustomInput,BASE TABLE
EDU_NUCE,dbo,DT_KetNoiDoiTac,BASE TABLE
EDU_NUCE,dbo,TKB_KhoaMoKhoaChamCong,BASE TABLE
EDU_NUCE,dbo,ES_ChamThiTracNghiem,BASE TABLE
EDU_NUCE,dbo,DM_TrangThaiLopHocPhan,BASE TABLE
EDU_NUCE,dbo,DD_LichHocSinhVien_TMP,BASE TABLE
EDU_NUCE,dbo,TS_ThiSinhOnlineDoiTuongTuyenThang,BASE TABLE
EDU_NUCE,dbo,EX_MediaCauHoiMapping,BASE TABLE
EDU_NUCE,dbo,KT_SoThuHocPhi_TuDo,BASE TABLE
EDU_NUCE,dbo,DM_TemplateKhungHocKy,BASE TABLE
EDU_NUCE,dbo,HT_Field,BASE TABLE
EDU_NUCE,dbo,DCMH_DM_PhuongPhapDay,BASE TABLE
EDU_NUCE,dbo,API_LichHoc_TempTableImport,BASE TABLE
EDU_NUCE,dbo,DT_XTN_ChiTietNoMon,BASE TABLE
EDU_NUCE,dbo,EX_EXT_XuLyViPhamQuyCheThi,BASE TABLE
EDU_NUCE,dbo,DM_TC_DinhNghiaTrongSoDiem,BASE TABLE
EDU_NUCE,dbo,KTX_DM_ThietBi,BASE TABLE
EDU_NUCE,dbo,DM_QuyDinhKhoaNganh,BASE TABLE
EDU_NUCE,dbo,KT_DonGiaCoiThiChamThi,BASE TABLE
EDU_NUCE,dbo,KT_LOCK_PhieuThuTheoNgay,BASE TABLE
EDU_NUCE,dbo,ACL_ChucNangHT,BASE TABLE
EDU_NUCE,dbo,HT_ImportLog,BASE TABLE
EDU_NUCE,dbo,DT_NC_XetTotNghiepChinhTri,BASE TABLE
EDU_NUCE,dbo,DT_XetCapChungChiSinhVien,BASE TABLE
EDU_NUCE,dbo,EGOV_CongVanDiFileAttachBoSung,BASE TABLE
EDU_NUCE,dbo,TKB_KhoaSuDungPhong,BASE TABLE
EDU_NUCE,dbo,EX_BoCauHoi,BASE TABLE
EDU_NUCE,dbo,DM_CauHinhXetHocBongDanhHieu,BASE TABLE
EDU_NUCE,dbo,CC_SoThuDangKyThiChungChiTinHoc,BASE TABLE
EDU_NUCE,dbo,NK_SYN_API_CRM,BASE TABLE
EDU_NUCE,dbo,DT_DD_NoiDungBaiGiang,BASE TABLE
EDU_NUCE,dbo,HT_GridForm,BASE TABLE
EDU_NUCE,dbo,DTBD_TKB_LichHocGiangVien,BASE TABLE
EDU_NUCE,dbo,QuyDoiDiemTinChiIUH,BASE TABLE
EDU_NUCE,dbo,API_LichThi_TempTableImport,BASE TABLE
EDU_NUCE,dbo,NK_KC_API_OffSetting,BASE TABLE
EDU_NUCE,dbo,EX_ResetHistory,BASE TABLE
EDU_NUCE,dbo,TKB_LopHoc,BASE TABLE
EDU_NUCE,dbo,DM_Temp,BASE TABLE
EDU_NUCE,dbo,KT_GiaHanNguoiDung,BASE TABLE
EDU_NUCE,dbo,DCMH_DotBienSoan,BASE TABLE
EDU_NUCE,dbo,DT_NhanXetDiemDanh,BASE TABLE
EDU_NUCE,dbo,EX_ThangDiemNhaTruong,BASE TABLE
EDU_NUCE,dbo,DA_KhachHang_HDDT,BASE TABLE
EDU_NUCE,dbo,TKB_LichHoc_LichSuThayDoiNgayHoc,BASE TABLE
EDU_NUCE,dbo,EX_CauHoi,BASE TABLE
EDU_NUCE,dbo,DM_DieuKienTimKiem,BASE TABLE
EDU_NUCE,dbo,TKB_CC_QuyDoiGioThi,BASE TABLE
EDU_NUCE,dbo,DM_DanhMucChucNangCauHinhCotHienThi,BASE TABLE
EDU_NUCE,dbo,KTX_DM_XepLoaiThiDua,BASE TABLE
EDU_NUCE,dbo,TS_DM_ThoiGianTiepNhanHoSo,BASE TABLE
EDU_NUCE,dbo,_DM_HocLucThiSinh,BASE TABLE
EDU_NUCE,dbo,DT_DD_NoiDungBaiGiang_ChiTietSinhVienVang,BASE TABLE
EDU_NUCE,dbo,DM_TC_XepLoaiTotNghiep,BASE TABLE
EDU_NUCE,dbo,DT_DS_MonHocKhongThamGiaKetQuaTinh,BASE TABLE
EDU_NUCE,dbo,HT_HeThong,BASE TABLE
EDU_NUCE,dbo,TS_ThiSinhOnlineChiTietKhaoSat,BASE TABLE
EDU_NUCE,dbo,OP_SoThuTrucTuyen,BASE TABLE
EDU_NUCE,dbo,KTX_DM_GiuongHanCheSuDung,BASE TABLE
EDU_NUCE,dbo,API_NamHocHocKy_TempTableImport,BASE TABLE
EDU_NUCE,dbo,DM_ThiTotNghiepMonVanHoa,BASE TABLE
EDU_NUCE,dbo,Province,BASE TABLE
EDU_NUCE,dbo,CC_SoThuThiXepLop,BASE TABLE
EDU_NUCE,dbo,KT_HoSoMienGiamChiTiet,BASE TABLE
EDU_NUCE,dbo,DTBD_TKB_LichThi,BASE TABLE
EDU_NUCE,dbo,TKB_CC_HeSoKhoaGiangVien,BASE TABLE
EDU_NUCE,dbo,DM_ChiTietChuyenNganhDuocDangKy,BASE TABLE
EDU_NUCE,dbo,DT_PhieuToDiem,BASE TABLE
EDU_NUCE,dbo,TKB_CC_HeSoThucHanh,BASE TABLE
EDU_NUCE,dbo,DT_HopDong_ChiTietTruong,BASE TABLE
EDU_NUCE,dbo,EX_CauTraLoi,BASE TABLE
EDU_NUCE,dbo,DM_ThoiHanHocTap,BASE TABLE
EDU_NUCE,dbo,EX_LoaiDoKho,BASE TABLE
EDU_NUCE,dbo,DM_CauHinhInBangDiem,BASE TABLE
EDU_NUCE,dbo,DT_QuanLyMonVanHoa,BASE TABLE
EDU_NUCE,dbo,DT_XuLyViPham,BASE TABLE
EDU_NUCE,dbo,KT_TC_KeHoachThuTinChiTheoLop,BASE TABLE
EDU_NUCE,dbo,HT_HistoryMark,BASE TABLE
EDU_NUCE,dbo,DCMH_DotBienSoanChiTiet,BASE TABLE
EDU_NUCE,dbo,DT_HB_QuyPhanBoHocBong,BASE TABLE
EDU_NUCE,dbo,API_NhanSu_TempTableImport,BASE TABLE
EDU_NUCE,dbo,TKB_LichHocKhoaCapGiangVien,BASE TABLE
EDU_NUCE,dbo,DM_ThongSoHDDT,BASE TABLE
EDU_NUCE,dbo,HT_Table,BASE TABLE
EDU_NUCE,dbo,KTX_KhenThuongNoiTru,BASE TABLE
EDU_NUCE,dbo,KT_MienGiamHocPhi_TheoHanNop,BASE TABLE
EDU_NUCE,dbo,KT_KC_SiSoSinhVien,BASE TABLE
EDU_NUCE,dbo,TKB_CC_QuyUoc,BASE TABLE
EDU_NUCE,dbo,DT_PhanBoLopHocPhan,BASE TABLE
EDU_NUCE,dbo,DT_PhieuToDiemChiTiet,BASE TABLE
EDU_NUCE,dbo,TS_ThiSinhOnlineDiemMonThi,BASE TABLE
EDU_NUCE,dbo,ASC_TamUngFileAttachHoSoLienQuan,BASE TABLE
EDU_NUCE,dbo,EX_CauTrucDeThi,BASE TABLE
EDU_NUCE,dbo,DT_ApDungCauHinhXetHocBong,BASE TABLE
EDU_NUCE,dbo,Ward,BASE TABLE
EDU_NUCE,dbo,CC_ThongTinHocVien,BASE TABLE
EDU_NUCE,dbo,DT_ApDungCauHinhBangDiem,BASE TABLE
EDU_NUCE,dbo,KTX_NK_DangKyMienGiamTheoSoLuong,BASE TABLE
EDU_NUCE,dbo,HT_HoTroDuLieu,BASE TABLE
EDU_NUCE,dbo,DM_BHYT,BASE TABLE
EDU_NUCE,dbo,ACL_KhoaQuanLy,BASE TABLE
EDU_NUCE,dbo,DT_NhanSuNhanThongBaoTuiBaiThiPhanQuyen,BASE TABLE
EDU_NUCE,dbo,API_SinhVien_TempTableImport,BASE TABLE
EDU_NUCE,dbo,DM_ChuyenNganhChiTiet,BASE TABLE
EDU_NUCE,dbo,TKB_MonHoc,BASE TABLE
EDU_NUCE,dbo,DM_TinhChatMonHoc,BASE TABLE
EDU_NUCE,dbo,EX_CauTrucDeThiChiTietCauHoi,BASE TABLE
EDU_NUCE,dbo,DM_QuyDoiDiemTinChi,BASE TABLE
EDU_NUCE,dbo,DT_NK_CapNhatTongKetHocKyNamHoc,BASE TABLE
EDU_NUCE,dbo,KTX_KhoaDiemRenLuyen,BASE TABLE
EDU_NUCE,dbo,DCMH_ChiTietDeCuongKhungHocKy,BASE TABLE
EDU_NUCE,dbo,DT_GiangVienNhapDiem,BASE TABLE
EDU_NUCE,dbo,DT_DotTamNgungHocVuSinhVien,BASE TABLE
EDU_NUCE,dbo,NK_DS_IMP_KhaoThi_EPU,BASE TABLE
EDU_NUCE,dbo,DCMH_HocPhanBienSoan,BASE TABLE
EDU_NUCE,dbo,DTBD_TKB_LichThiGiangVien,BASE TABLE
EDU_NUCE,dbo,DT_QuyCheLenLop,BASE TABLE
EDU_NUCE,dbo,DT_KetNoiDoiTac_FileAttach,BASE TABLE
EDU_NUCE,dbo,TKB_LoaiThieuSot,BASE TABLE
EDU_NUCE,dbo,EX_CauTrucDeThiChiTiet,BASE TABLE
EDU_NUCE,dbo,EX_EXT_BaiThiThiSinh,BASE TABLE
EDU_NUCE,dbo,TKB_LichHoc,BASE TABLE
EDU_NUCE,dbo,DTBD_TN_DM_XepLoai,BASE TABLE
EDU_NUCE,dbo,NK_DanhSachChoGuiMail,BASE TABLE
EDU_NUCE,dbo,HT_ImportData,BASE TABLE
EDU_NUCE,dbo,NK_KT_KC_SiSoSinhVien,BASE TABLE
EDU_NUCE,dbo,NK_KC_Lemon_RevenueAllocation,BASE TABLE
EDU_NUCE,dbo,ACL_LoginSession,BASE TABLE
EDU_NUCE,dbo,KM_HeLoaiDaoTao,BASE TABLE
EDU_NUCE,dbo,DT_XacNhanBangDiemLHP,BASE TABLE
EDU_NUCE,dbo,DM_TrangThaiDangKyBieuMauDX,BASE TABLE
EDU_NUCE,dbo,EX_LoaiDeThi,BASE TABLE
EDU_NUCE,dbo,TKB_TamNgungLichHoc,BASE TABLE
EDU_NUCE,dbo,WardMapping,BASE TABLE
EDU_NUCE,dbo,KTX_KT_ChiTietDienNuocTieuThu,BASE TABLE
EDU_NUCE,dbo,CC_XepLoai,BASE TABLE
EDU_NUCE,dbo,DT_HanhKiemSinhVienTheoNamHoc,BASE TABLE
EDU_NUCE,dbo,TKB_LopXepLichHoc,BASE TABLE
EDU_NUCE,dbo,DGXL_PhanHoiDiemGhiNhan,BASE TABLE
EDU_NUCE,dbo,TKB_LoaiXinPhong,BASE TABLE
EDU_NUCE,dbo,EX_Chuong,BASE TABLE
EDU_NUCE,dbo,EX_NhomCauHoi,BASE TABLE
EDU_NUCE,dbo,DTBD_TN_HocVienTotNghiep,BASE TABLE
EDU_NUCE,dbo,DM_CauHinhExportDaNgonNgu,BASE TABLE
EDU_NUCE,dbo,NK_KC_API_NS_DangKyHocPhan,BASE TABLE
EDU_NUCE,dbo,TKB_LichThiGiangVien,BASE TABLE
EDU_NUCE,dbo,DM_NganHangThanhToanHocPhi_BaoKim,BASE TABLE
EDU_NUCE,dbo,HT_License,BASE TABLE
EDU_NUCE,dbo,OP_GiaoDichChoGachNo,BASE TABLE
EDU_NUCE,dbo,DCMH_PhanQuyenSoanThao,BASE TABLE
EDU_NUCE,dbo,NK_PhieuHuyHP,BASE TABLE
EDU_NUCE,dbo,DTBD_TKB_NhatKyTamNgungLichHoc,BASE TABLE
EDU_NUCE,dbo,NK_InTheSV,BASE TABLE
EDU_NUCE,dbo,DT_SinhVienCoChungChi,BASE TABLE
EDU_NUCE,dbo,EX_EXT_MonThiDeThi,BASE TABLE
EDU_NUCE,dbo,HT_TinhHuyenXaReplaceText,BASE TABLE
EDU_NUCE,dbo,KTX_KT_DonGia,BASE TABLE
EDU_NUCE,dbo,DD_DM_ThietBi,BASE TABLE
EDU_NUCE,dbo,DM_KieuDonTui,BASE TABLE
EDU_NUCE,dbo,ACL_LoginSessionDetail,BASE TABLE
EDU_NUCE,dbo,KTX_ChiTietDotDangKySinhVien,BASE TABLE
EDU_NUCE,dbo,EX_LichThiChiTiet,BASE TABLE
EDU_NUCE,dbo,EGOV_GiaiDoanNghiemThuHopDongBaoTri,BASE TABLE
EDU_NUCE,dbo,TKB_NhomXepLichHoc,BASE TABLE
EDU_NUCE,dbo,EX_DeThi,BASE TABLE
EDU_NUCE,dbo,HT_ThamSoHeThong,BASE TABLE
EDU_NUCE,dbo,EX_NK_TongHopDiemNgoaiNgu,BASE TABLE
EDU_NUCE,dbo,KS_ChiTietDotKhaoSatSinhVien,BASE TABLE
EDU_NUCE,dbo,DTBD_TN_LoaiChungChi,BASE TABLE
EDU_NUCE,dbo,DT_ThongKeDangKyMoMon,BASE TABLE
EDU_NUCE,dbo,NK_KC_API_NS_DangKyHocPhan_TMP,BASE TABLE
EDU_NUCE,dbo,DT_DangKyPhucKhao,BASE TABLE
EDU_NUCE,dbo,DM_LoaiMonHoc,BASE TABLE
EDU_NUCE,dbo,NK_KC_API_Customer,BASE TABLE
EDU_NUCE,dbo,DT_NhatKyKhoaDiem,BASE TABLE
EDU_NUCE,dbo,DT_SinhVienDoiTuongDoan,BASE TABLE
EDU_NUCE,dbo,TKB_LopHocPhan_LHTD,BASE TABLE
EDU_NUCE,dbo,DM_TruongPTTH_2014,BASE TABLE
EDU_NUCE,dbo,KTX_KT_KeHoachThu,BASE TABLE
EDU_NUCE,dbo,DD_DM_ThoiGianQuyUoc,BASE TABLE
EDU_NUCE,dbo,KTX_DangKyDieuChuyen,BASE TABLE
EDU_NUCE,dbo,TKB_DeXuatGioGiang,BASE TABLE
EDU_NUCE,dbo,NK_ChiTietPhieuHuyHP,BASE TABLE
EDU_NUCE,dbo,DT_DD_ChiTietSinhVienTheoLichHoc,BASE TABLE
EDU_NUCE,dbo,KT_HoaDonDienTu,BASE TABLE
EDU_NUCE,dbo,CMS_DM_HinhThucDangKy,BASE TABLE
EDU_NUCE,dbo,EX_DeThiChiTiet,BASE TABLE
EDU_NUCE,dbo,KT_DSSVDuocPhepThanhToanHP_NgoaiLe,BASE TABLE
EDU_NUCE,dbo,TKB_DanhSachLichHocTamNgung,BASE TABLE
EDU_NUCE,dbo,DM_TieuChiTimKiemGiaTri,BASE TABLE
EDU_NUCE,dbo,DTBD_TN_MonXetChungChi,BASE TABLE
EDU_NUCE,dbo,DT_TongKetDot_KQLanDau,BASE TABLE
EDU_NUCE,dbo,NK_KC_API_NS_DangKyLePhi,BASE TABLE
EDU_NUCE,dbo,TKB_CC_HeSoPhong,BASE TABLE
EDU_NUCE,dbo,HT_LicenseDetails,BASE TABLE
EDU_NUCE,dbo,ACL_Module,BASE TABLE
EDU_NUCE,dbo,KTX_DotDangKyNoiTru,BASE TABLE
EDU_NUCE,dbo,DTBD_XuLyViPham,BASE TABLE
EDU_NUCE,dbo,TKB_TamNgungGiangVien,BASE TABLE
EDU_NUCE,dbo,NK_KC_API_EduClass,BASE TABLE
EDU_NUCE,dbo,EX_TieuChiChamDiemCauHoiTuLuan,BASE TABLE
EDU_NUCE,dbo,DT_SinhVienMienGiam,BASE TABLE
EDU_NUCE,dbo,NK_KC_API_KHDT_HocKy,BASE TABLE
EDU_NUCE,dbo,DM_Dot,BASE TABLE
EDU_NUCE,dbo,DM_TruongTHCS,BASE TABLE
EDU_NUCE,dbo,KTX_KT_SoChi,BASE TABLE
EDU_NUCE,dbo,HT_CauHinh,BASE TABLE
EDU_NUCE,dbo,DD_ThietBiPhong,BASE TABLE
EDU_NUCE,dbo,NK_PhieuHuyKhac,BASE TABLE
EDU_NUCE,dbo,DT_DD_ChiTietThongTinDiemDanh,BASE TABLE
EDU_NUCE,dbo,DGXL_ChiTietLichSuDanhGiaTieuChiChung,BASE TABLE
EDU_NUCE,dbo,TKB_LopKhongXepThoiKhoaBieu,BASE TABLE
EDU_NUCE,dbo,EX_DeThiChiTietDapAn,BASE TABLE
EDU_NUCE,dbo,NK_CapNhatDangKy,BASE TABLE
EDU_NUCE,dbo,NK_KC_CRM_EduHistory,BASE TABLE
EDU_NUCE,dbo,NK_KC_API_NS_Dot,BASE TABLE
EDU_NUCE,dbo,NK_KC_Lemon_PhanBoDoanhThu,BASE TABLE
EDU_NUCE,dbo,ACL_NhatKyHT,BASE TABLE
EDU_NUCE,dbo,ES_BaiThiGiay,BASE TABLE
EDU_NUCE,dbo,NK_KC_API_Payment,BASE TABLE
EDU_NUCE,dbo,EX_DiemBaiThiTuLuanChiTiet,BASE TABLE
EDU_NUCE,dbo,DT_SinhVienMienGiamTinChi,BASE TABLE
EDU_NUCE,dbo,DM_ChiTietVaiTroThamGia,BASE TABLE
EDU_NUCE,dbo,NK_KC_API_KHDT_KeHoachThu,BASE TABLE
EDU_NUCE,dbo,DT_MonHocTuongDuongThayThe,BASE TABLE
EDU_NUCE,dbo,KT_SoThuKhac,BASE TABLE
EDU_NUCE,dbo,DM_XuLyQuyCheThi,BASE TABLE
EDU_NUCE,dbo,KTX_NK_DienBienKhauTru,BASE TABLE
EDU_NUCE,dbo,TS_DM_CoSoDangKy,BASE TABLE
EDU_NUCE,dbo,DM_BanTS,BASE TABLE
EDU_NUCE,dbo,TKB_CC_HeSo,BASE TABLE
EDU_NUCE,dbo,DT_DD_SinhVienDiemDanh,BASE TABLE
EDU_NUCE,dbo,SV_LienHeGhiChu,BASE TABLE
EDU_NUCE,dbo,EX_DiemThi,BASE TABLE
EDU_NUCE,dbo,TC_PayLog,BASE TABLE
EDU_NUCE,dbo,DT_TC_QuyCheHocVu,BASE TABLE
EDU_NUCE,dbo,NK_KC_API_NS_HeDaoTao,BASE TABLE
EDU_NUCE,dbo,DT_DS_ChiTietQuyUocCotDiem,BASE TABLE
EDU_NUCE,dbo,DT_NC_DangKyDuThiTotNghiep,BASE TABLE
EDU_NUCE,dbo,ES_BaiThiGiayChiTiet,BASE TABLE
EDU_NUCE,dbo,OP_ChiTietSoThuTrucTuyen,BASE TABLE
EDU_NUCE,dbo,NK_KC_API_Product,BASE TABLE
EDU_NUCE,dbo,DM_DanhMuc,BASE TABLE
EDU_NUCE,dbo,NK_KC_API_KHDT_SiSo,BASE TABLE
EDU_NUCE,dbo,TKB_MonHocGiangVien,BASE TABLE
EDU_NUCE,dbo,DT_MonHocTuongDuongThayTheChiTiet,BASE TABLE
EDU_NUCE,dbo,DM_TrangThaiDangKy,BASE TABLE
EDU_NUCE,dbo,DT_CC_CapDoDauMonHocDieuKien,BASE TABLE
EDU_NUCE,dbo,KTX_Phong_ThietBi,BASE TABLE
EDU_NUCE,dbo,DM_BieuMauDeXuat,BASE TABLE
EDU_NUCE,dbo,NK_KC_Lemon_PhanBoDoanhThuChiTiet,BASE TABLE
EDU_NUCE,dbo,TKB_CC_LoaiHeSo,BASE TABLE
EDU_NUCE,dbo,ES_NhanSuQuanLyBCH,BASE TABLE
EDU_NUCE,dbo,DT_DD_ThongTinDiemDanh,BASE TABLE
EDU_NUCE,dbo,DM_LoaiKhuyetTat,BASE TABLE
EDU_NUCE,dbo,DT_SinhVienNghi,BASE TABLE
EDU_NUCE,dbo,ACL_TokenAccessApi,BASE TABLE
EDU_NUCE,dbo,EX_DoKho,BASE TABLE
EDU_NUCE,dbo,TKB_CC_HeSoQuyDoiKhac,BASE TABLE
EDU_NUCE,dbo,KTX_DangKyNoiTru,BASE TABLE
EDU_NUCE,dbo,NK_KC_API_NS_Khoa,BASE TABLE
EDU_NUCE,dbo,DM_GiangVien,BASE TABLE
EDU_NUCE,dbo,HT_LOCK_Custom,BASE TABLE
EDU_NUCE,dbo,DT_DangKyThiLai,BASE TABLE
EDU_NUCE,dbo,ES_BaiThiNgoai,BASE TABLE
EDU_NUCE,dbo,TKB_ComboLopHocPhan,BASE TABLE
EDU_NUCE,dbo,NK_KC_API_Receipts,BASE TABLE
EDU_NUCE,dbo,DM_LoaiDanhMuc,BASE TABLE
EDU_NUCE,dbo,TKB_NhatKyTamNgungLichHoc,BASE TABLE
EDU_NUCE,dbo,DT_DangKyHocPhan,BASE TABLE
EDU_NUCE,dbo,DT_CC_KetQuaThiDauVaoMonHocDieuKien,BASE TABLE
EDU_NUCE,dbo,TKB_LH_TrangThaiLichHoc,BASE TABLE
EDU_NUCE,dbo,TKB_DeXuatThayDoiLichHoc,BASE TABLE
EDU_NUCE,dbo,TMP_DsLopHocPhan,BASE TABLE
EDU_NUCE,dbo,DT_DeXuatDiemTheoLichHoc,BASE TABLE
EDU_NUCE,dbo,DT_CC_DiemTinHoc,BASE TABLE
EDU_NUCE,dbo,DM_CachTinhDiemThanhPhan,BASE TABLE
EDU_NUCE,dbo,SYS_License,BASE TABLE
EDU_NUCE,dbo,EX_DoKhoHeLoai,BASE TABLE
EDU_NUCE,dbo,TS_DM_ToHopMonTieuChi,BASE TABLE
EDU_NUCE,dbo,DM_MultiLanguage,BASE TABLE
EDU_NUCE,dbo,KTX_KT_ChiPhiNoiTru,BASE TABLE
EDU_NUCE,dbo,KTX_RenLuyenCaNhan,BASE TABLE
EDU_NUCE,dbo,DM_CaHoc,BASE TABLE
EDU_NUCE,dbo,NK_KC_API_NS_KhoaHoc,BASE TABLE
EDU_NUCE,dbo,HT_LOCK_DT_DangKyInBieuMauDeXuat,BASE TABLE
EDU_NUCE,dbo,TMP_DsTheoLichHoc,BASE TABLE
EDU_NUCE,dbo,ES_BaiThiNgoaiChiTiet,BASE TABLE
EDU_NUCE,dbo,CDR_KetQuaPLO_LopHocPhan,BASE TABLE
EDU_NUCE,dbo,NK_SYN_API,BASE TABLE
EDU_NUCE,dbo,DT_SinhVienThucTapKhoaLuan,BASE TABLE
EDU_NUCE,dbo,DM_VaiTroThamGia,BASE TABLE
EDU_NUCE,dbo,TS_DM_LoaiMonThi,BASE TABLE
EDU_NUCE,dbo,DT_CC_MonHocRangBuoc,BASE TABLE
EDU_NUCE,dbo,HT_LOCK_NK_KT_KC_SoChi,BASE TABLE
EDU_NUCE,dbo,TMP_DsTheoLichHocGhepLich,BASE TABLE
EDU_NUCE,dbo,ES_HistoryResetMatKhau,BASE TABLE
EDU_NUCE,dbo,DM_NguonFile,BASE TABLE
EDU_NUCE,dbo,DM_MultiLanguageDetail,BASE TABLE
EDU_NUCE,dbo,KTX_RenLuyenTapThe,BASE TABLE
EDU_NUCE,dbo,DM_CanSuLopHoc,BASE TABLE
EDU_NUCE,dbo,NK_KC_API_NS_KhoanThu,BASE TABLE
EDU_NUCE,dbo,TKB_LH_NhatKyTaoPhongHocTrucTuyen,BASE TABLE
EDU_NUCE,dbo,HT_LOCK_KT_SoChi,BASE TABLE
EDU_NUCE,dbo,ES_BoCauHoi,BASE TABLE
EDU_NUCE,dbo,KT_DuToanHocPhi,BASE TABLE
EDU_NUCE,dbo,DT_NK_CapBangTotNghiep,BASE TABLE
EDU_NUCE,dbo,KTX_KT_ChiTietSoThu,BASE TABLE
EDU_NUCE,dbo,HT_LOCK_NK_KT_KC_SoThuHocPhi,BASE TABLE
EDU_NUCE,dbo,CTK_MonHocModule,BASE TABLE
EDU_NUCE,dbo,ES_HistoryResetThiLai,BASE TABLE
EDU_NUCE,dbo,DT_TC_DieuKienLenLop,BASE TABLE
EDU_NUCE,dbo,CMS_LienHe_ThoiGianTuVan,BASE TABLE
EDU_NUCE,dbo,TKB_NhomPhong,BASE TABLE
EDU_NUCE,dbo,KT_NK_TaoHoaDon_Tmp,BASE TABLE
EDU_NUCE,dbo,KT_ThongTinXuatHoaDon,BASE TABLE
EDU_NUCE,dbo,DT_ChiTietTuiBaiThiPhanQuyen,BASE TABLE
EDU_NUCE,dbo,KTX_TaiSanCaNhan,BASE TABLE
EDU_NUCE,dbo,DM_ChiTietDangKyChuyenNganh,BASE TABLE
EDU_NUCE,dbo,NK_KC_API_NS_LoaiHinhDT,BASE TABLE
EDU_NUCE,dbo,DM_Phong,BASE TABLE
EDU_NUCE,dbo,HT_LOCK_KT_SoThuHoSoThiSinhLienKet,BASE TABLE
EDU_NUCE,dbo,DT_HB_HoSoDinhKemTheoDoiTuong,BASE TABLE
EDU_NUCE,dbo,EX_EXT_History,BASE TABLE
EDU_NUCE,dbo,DM_DotDeXuatThongTinSV,BASE TABLE
EDU_NUCE,dbo,KTX_KT_CongNo,BASE TABLE
EDU_NUCE,dbo,HT_LOCK_NK_KT_KC_SoThuNganHang,BASE TABLE
EDU_NUCE,dbo,CTK_MonModuleChiTiet,BASE TABLE
EDU_NUCE,dbo,EX_ChamThiGiay,BASE TABLE
EDU_NUCE,dbo,DT_TC_DinhNghiaCotDiem,BASE TABLE
EDU_NUCE,dbo,EGOV_LichSuTrangThaiHopDongBaoTri,BASE TABLE
EDU_NUCE,dbo,EX_MonHocTuongDuong,BASE TABLE
EDU_NUCE,dbo,KT_ThongTinXuatHoaDonChiTiet,BASE TABLE
EDU_NUCE,dbo,DT_ChucVuLopHoc,BASE TABLE
EDU_NUCE,dbo,KTX_ThanhLyNoiTru,BASE TABLE
EDU_NUCE,dbo,DM_ChucVuCoVan,BASE TABLE
EDU_NUCE,dbo,NK_KC_API_NS_LopHoc,BASE TABLE
EDU_NUCE,dbo,HT_LOCK_KT_SoThuHoSoTuyenSinh,BASE TABLE
EDU_NUCE,dbo,ES_BoDeThi,BASE TABLE
EDU_NUCE,dbo,DT_HB_ChiTietDotXetHBNNSTheoDoiTuong,BASE TABLE
EDU_NUCE,dbo,EX_EXT_HistoryCapNhatBaiThiThiSinh,BASE TABLE
EDU_NUCE,dbo,TKB_PhanCongThanhTraCC,BASE TABLE
EDU_NUCE,dbo,DT_DeXuatMonHocKhongThamGiaKetQuaTinh,BASE TABLE
EDU_NUCE,dbo,DT_DangKyGiamSoTinChiHocKy,BASE TABLE
EDU_NUCE,dbo,KTX_KT_DienNuocTieuThu,BASE TABLE
EDU_NUCE,dbo,TKB_DM_NhomLoaiCongViec,BASE TABLE
EDU_NUCE,dbo,NK_KT_KC_SoThuChiTiet,BASE TABLE
EDU_NUCE,dbo,DM_ChiTietSinhVienDotDeXuatThongTinSV,BASE TABLE
EDU_NUCE,dbo,TKB_LoaiTroGiang,BASE TABLE
EDU_NUCE,dbo,EX_ChamThiGiayChiTiet,BASE TABLE
EDU_NUCE,dbo,DT_QC_CachTinhDiemThanhPhanMonHoc,BASE TABLE
EDU_NUCE,dbo,DT_TC_MonHocTrongSoDiem,BASE TABLE
EDU_NUCE,dbo,DGXL_KetQuaDanhGia,BASE TABLE
EDU_NUCE,dbo,EX_NhanSuQuanLyBCH,BASE TABLE
EDU_NUCE,dbo,TS_DM_QuyDoiDiemNgoaiNgu,BASE TABLE
EDU_NUCE,dbo,DT_DangKyChuyenNganh,BASE TABLE
EDU_NUCE,dbo,KTX_TS_BaoTri,BASE TABLE
EDU_NUCE,dbo,NK_KC_API_NS_MonHoc,BASE TABLE
EDU_NUCE,dbo,HT_LOCK_KT_SoThuTuDo,BASE TABLE
EDU_NUCE,dbo,TMP_DsKhoiLuongGiangDay,BASE TABLE
EDU_NUCE,dbo,TKB_ComboLopHocPhanChiTiet,BASE TABLE
EDU_NUCE,dbo,EX_EXT_LopThi,BASE TABLE
EDU_NUCE,dbo,TKB_PhongHoc_LHTD,BASE TABLE
EDU_NUCE,dbo,DT_DS_NhatKyXetDuThi,BASE TABLE
EDU_NUCE,dbo,DM_ChucVuDoan,BASE TABLE
EDU_NUCE,dbo,NK_KT_KC_SoThu,BASE TABLE
EDU_NUCE,dbo,KT_TK_KhoanThuBoSung,BASE TABLE
EDU_NUCE,dbo,DT_QuyDinhXetKhoaLuanThucTap,BASE TABLE
EDU_NUCE,dbo,EX_DangNhapThi,BASE TABLE
EDU_NUCE,dbo,DT_TC_QuyCheLenLop,BASE TABLE
EDU_NUCE,dbo,ASC_TamUng_CongTacPhi_ChiTiet,BASE TABLE
EDU_NUCE,dbo,EX_NhomCauTrucDeThi,BASE TABLE
EDU_NUCE,dbo,DT_DangKyGiaHanNopHocPhi,BASE TABLE
EDU_NUCE,dbo,DM_ChiTietExportDaNgonNgu,BASE TABLE
EDU_NUCE,dbo,NK_DangKyHocPhanGhiNo,BASE TABLE
EDU_NUCE,dbo,NK_KC_API_NS_NamHoc,BASE TABLE
EDU_NUCE,dbo,TKB_CC_HeSoQuyDoiTheoBacLoai,BASE TABLE
EDU_NUCE,dbo,KT_GhiNhanMienGiamNhapHoc,BASE TABLE
EDU_NUCE,dbo,HT_MapColName,BASE TABLE
EDU_NUCE,dbo,TMP_DsLopHocPhanKhongXepLich,BASE TABLE
EDU_NUCE,dbo,ES_CauHoiCha,BASE TABLE
EDU_NUCE,dbo,CDR_CapDoDongGop,BASE TABLE
EDU_NUCE,dbo,TKB_LTTD_QuyDinhCaThi,BASE TABLE
EDU_NUCE,dbo,TS_DM_ChungChiNN,BASE TABLE
EDU_NUCE,dbo,EX_EXT_LopThiThiSinh,BASE TABLE
EDU_NUCE,dbo,CC_DeXuatChungChiSinhVien,BASE TABLE
EDU_NUCE,dbo,TKB_SoTietChuanGiangVien,BASE TABLE
EDU_NUCE,dbo,TS_ThiSinhOnlineThanhTichCacKyThi,BASE TABLE
EDU_NUCE,dbo,KTX_TS_TaiSanPhong,BASE TABLE
EDU_NUCE,dbo,DM_DanhHieu,BASE TABLE
EDU_NUCE,dbo,ACL_NhomHT,BASE TABLE
EDU_NUCE,dbo,KT_KC_SoThu,BASE TABLE
EDU_NUCE,dbo,TMP_DsLopHocPhanKhongXepLichDaGhep,BASE TABLE
EDU_NUCE,dbo,EX_DeThiNgoai,BASE TABLE
EDU_NUCE,dbo,DT_TC_QuyCheTongKetDot,BASE TABLE
EDU_NUCE,dbo,EGOV_TrinhKyTuDoLichSu,BASE TABLE
EDU_NUCE,dbo,CDR_PLO_ChuongTrinhKhung,BASE TABLE
EDU_NUCE,dbo,EX_NhomDeThi,BASE TABLE
EDU_NUCE,dbo,DM_NamHoc,BASE TABLE
EDU_NUCE,dbo,DT_NCS_DangKyKeHoachHocTap,BASE TABLE
EDU_NUCE,dbo,DTBD_DM_DotXetTotNghiep,BASE TABLE
EDU_NUCE,dbo,KT_SoThuBoSung,BASE TABLE
EDU_NUCE,dbo,KTX_KT_SoThu,BASE TABLE
EDU_NUCE,dbo,NK_KC_API_NS_Nghe,BASE TABLE
EDU_NUCE,dbo,HT_NoReferenceTable,BASE TABLE
EDU_NUCE,dbo,CDR_QuyDinhCapDoDongGop,BASE TABLE
EDU_NUCE,dbo,DM_HocVi,BASE TABLE
EDU_NUCE,dbo,DM_MonHocCapChungChi,BASE TABLE
EDU_NUCE,dbo,DT_DotTongKetHocKySinhVien,BASE TABLE
EDU_NUCE,dbo,DM_DoiTuong,BASE TABLE
EDU_NUCE,dbo,DT_LichThiSinhVien,BASE TABLE
EDU_NUCE,dbo,ES_CauTraLoi,BASE TABLE
EDU_NUCE,dbo,EX_DeThiNgoaiChiTiet,BASE TABLE
EDU_NUCE,dbo,DT_TC_ThietLapQuyChe,BASE TABLE
EDU_NUCE,dbo,ASC_TamUng_HangMucHoanUng,BASE TABLE
EDU_NUCE,dbo,KTX_BangGhiChiSo_ChiTiet,BASE TABLE
EDU_NUCE,dbo,EX_Phan,BASE TABLE
EDU_NUCE,dbo,TS_ThiSinhOnlineTTBoSung,BASE TABLE
EDU_NUCE,dbo,DTBD_TS_ChiTietTuyenSinh,BASE TABLE
EDU_NUCE,dbo,TS_DangKyTuVan,BASE TABLE
EDU_NUCE,dbo,TKB_HeSoLopDong,BASE TABLE
EDU_NUCE,dbo,KTX_WS_TransLog,BASE TABLE
EDU_NUCE,dbo,NK_KC_API_NS_QuyetDinhSinhVien,BASE TABLE
EDU_NUCE,dbo,HT_ReferenceTable,BASE TABLE
EDU_NUCE,dbo,TMP_DsGVBoMon,BASE TABLE
EDU_NUCE,dbo,DM_DoiTuongDangKyHocBong,BASE TABLE
EDU_NUCE,dbo,DM_MonHocCapChungChiChiTiet,BASE TABLE
EDU_NUCE,dbo,HT_UpdatingData,BASE TABLE
EDU_NUCE,dbo,DT_DangKyInBieuMauDeXuat,BASE TABLE
EDU_NUCE,dbo,TKB_CC_HeSoHocVi,BASE TABLE
EDU_NUCE,dbo,DD_ThongSo,BASE TABLE
EDU_NUCE,dbo,NK_V2_CauHinhCotHienThi,BASE TABLE
EDU_NUCE,dbo,DT_NC_MonThiTotNghiep,BASE TABLE
EDU_NUCE,dbo,TMP_DsBoMonKhoa,BASE TABLE
EDU_NUCE,dbo,ES_CauTraLoiThuTu,BASE TABLE
EDU_NUCE,dbo,EX_DiemThiChiTiet,BASE TABLE
EDU_NUCE,dbo,DT_TC_TrongSoDiem,BASE TABLE
EDU_NUCE,dbo,DT_TempTableImportChuyenLHP,BASE TABLE
EDU_NUCE,dbo,DGXL_LichSuDanhGiaTieuChiChung_History,BASE TABLE
EDU_NUCE,dbo,BC_DuLieuSinhVien,BASE TABLE
EDU_NUCE,dbo,CDR_CLO_ChiTiet,BASE TABLE
EDU_NUCE,dbo,TKB_ThongKeMonHoc,BASE TABLE
EDU_NUCE,dbo,EX_PhanCauTrucDeThi,BASE TABLE
EDU_NUCE,dbo,DTBD_TS_DotTuyenSinh,BASE TABLE
EDU_NUCE,dbo,DM_DoiTuongChinhSach,BASE TABLE
EDU_NUCE,dbo,NK_KC_API_NS_SinhVien,BASE TABLE
EDU_NUCE,dbo,HT_SortData,BASE TABLE
EDU_NUCE,dbo,DT_KetQuaHocTapSinhVienChuyenLop,BASE TABLE
EDU_NUCE,dbo,CDR_Nhom,BASE TABLE
EDU_NUCE,dbo,TS_DM_LoaiChungChiNN,BASE TABLE
EDU_NUCE,dbo,HT_LOCK_KT_SoThuKhac,BASE TABLE
EDU_NUCE,dbo,DT_ChiTietBieuMauTheoQuyUocDiem,BASE TABLE
EDU_NUCE,dbo,KT_CauHinhNhomKhoanThu,BASE TABLE
EDU_NUCE,dbo,ACL_NhomNguoiDung,BASE TABLE
EDU_NUCE,dbo,ES_CauTrucDeThi,BASE TABLE
EDU_NUCE,dbo,DT_DotDangKyHocPhanBoSung,BASE TABLE
EDU_NUCE,dbo,EX_DiemThiNgoai,BASE TABLE
EDU_NUCE,dbo,DT_ThongTinBangTotNghiepTHPT,BASE TABLE
EDU_NUCE,dbo,EX_DeXuatCapNhatCauHoi,BASE TABLE
EDU_NUCE,dbo,DCMH_DM_PhuongPhapLuongGia,BASE TABLE
EDU_NUCE,dbo,CDR_KetQuaHocTap,BASE TABLE
EDU_NUCE,dbo,TS_ChuyenTruong,BASE TABLE
EDU_NUCE,dbo,EX_PhanDeThi,BASE TABLE
EDU_NUCE,dbo,DT_DangKyMoMon,BASE TABLE
EDU_NUCE,dbo,DTBD_TS_ThiSinh,BASE TABLE
EDU_NUCE,dbo,TKB_ChamCongLichHoc,BASE TABLE
EDU_NUCE,dbo,KTX_WS_TransReceive,BASE TABLE
EDU_NUCE,dbo,NK_KC_API_NS_SinhVien_TMP,BASE TABLE
EDU_NUCE,dbo,HT_StackMapColName,BASE TABLE
EDU_NUCE,dbo,EX_NhanSuQuanLyMonHoc,BASE TABLE
EDU_NUCE,dbo,CDR_KetQuaPLO_SinhVien,BASE TABLE
EDU_NUCE,dbo,TKB_CC_HeSoCoiThi,BASE TABLE
EDU_NUCE,dbo,HT_DEL_LopHocPhan,BASE TABLE
EDU_NUCE,dbo,DT_SinhVienDangKyHocBuNgoaiGio,BASE TABLE
EDU_NUCE,dbo,DT_TC_XetTotNghiep,BASE TABLE
EDU_NUCE,dbo,DT_DangKyThuThach,BASE TABLE
EDU_NUCE,dbo,DM_DoiTuongMienGiam,BASE TABLE
EDU_NUCE,dbo,TKB_CC_HeSoLopDong,BASE TABLE
EDU_NUCE,dbo,DT_CongBoKetQuaHocKyNamHoc,BASE TABLE
EDU_NUCE,dbo,DCMH_DM_LinhVucNangLuc,BASE TABLE
EDU_NUCE,dbo,ACL_PhanQuyen,BASE TABLE
EDU_NUCE,dbo,ES_CauTrucDeThiChiTiet,BASE TABLE
EDU_NUCE,dbo,DT_ChiTietDotDangKyHocPhanBoSung,BASE TABLE
EDU_NUCE,dbo,EX_DiemThiNgoaiChiTiet,BASE TABLE
EDU_NUCE,dbo,DT_ThongTinBHYT,BASE TABLE
EDU_NUCE,dbo,TKB_TempTableImport,BASE TABLE
EDU_NUCE,dbo,ASC_TamUng_CongTacPhi_DiaDiem,BASE TABLE
EDU_NUCE,dbo,CDR_CLO,BASE TABLE
EDU_NUCE,dbo,TS_CongThucXetTuyen,BASE TABLE
EDU_NUCE,dbo,NK_AutoRun,BASE TABLE
EDU_NUCE,dbo,DT_DiemTrungBinhGDTC,BASE TABLE
EDU_NUCE,dbo,EX_MediaCauHoi,BASE TABLE
EDU_NUCE,dbo,KTX_XuLyViPham,BASE TABLE
EDU_NUCE,dbo,NK_KC_API_NS_TMP,BASE TABLE
EDU_NUCE,dbo,HT_TableRelationship,BASE TABLE
EDU_NUCE,dbo,CDR_KhoaDiem_LopHoc,BASE TABLE
EDU_NUCE,dbo,DT_SinhVienDangKyVangLichHoc,BASE TABLE
EDU_NUCE,dbo,KT_MienGiamNhapHocTheoLop,BASE TABLE
EDU_NUCE,dbo,DM_DonViDKDT,BASE TABLE
EDU_NUCE,dbo,DT_CongBoKetQuaHocKyNamHocChiTiet,BASE TABLE
EDU_NUCE,dbo,DM_NganHangCauHinhThuPhi,BASE TABLE
EDU_NUCE,dbo,DCMH_DM_HeCoQuan,BASE TABLE
EDU_NUCE,dbo,TMP_HUCE_ChuaNhapDiem,BASE TABLE
EDU_NUCE,dbo,DM_BieuMau,BASE TABLE
EDU_NUCE,dbo,DM_ChiNhanhNganHang,BASE TABLE
EDU_NUCE,dbo,DT_NCS_QuyetDinhCongNhan,BASE TABLE
EDU_NUCE,dbo,ES_CauTrucDeThiQuiDinhDiem,BASE TABLE
EDU_NUCE,dbo,EX_DiemTru,BASE TABLE
EDU_NUCE,dbo,EGOV_TrinhKyTuDoFileAttach_Detail,BASE TABLE
EDU_NUCE,dbo,DT_SaoChepNhomThucHanh,BASE TABLE
EDU_NUCE,dbo,TS_CTChiTieuTuyenSinh,BASE TABLE
EDU_NUCE,dbo,DT_DinhDangDiem,BASE TABLE
EDU_NUCE,dbo,EX_QuyDinhThangDiem,BASE TABLE
EDU_NUCE,dbo,LX_DM_HangBang,BASE TABLE
EDU_NUCE,dbo,TS_ThietLapGuiMail,BASE TABLE
EDU_NUCE,dbo,HT_ThongSoNguoiDung,BASE TABLE
EDU_NUCE,dbo,CDR_CLO_DiemSoTB,BASE TABLE
EDU_NUCE,dbo,DT_DiemDanhSinhVien,BASE TABLE
EDU_NUCE,dbo,DT_ThongTinNgoaiTru,BASE TABLE
EDU_NUCE,dbo,DT_XetCapChungChiNgoaiKhoa,BASE TABLE
EDU_NUCE,dbo,DM_DuLieuDongBo,BASE TABLE
EDU_NUCE,dbo,TKB_NhanSuQuanLyLopHocPhan,BASE TABLE
EDU_NUCE,dbo,DM_DotCapGDTC_GDQP,BASE TABLE
EDU_NUCE,dbo,TS_ThiSinhNhapHocOffline,BASE TABLE
EDU_NUCE,dbo,DM_HeDaoTao,BASE TABLE
EDU_NUCE,dbo,DT_NhanSuNhapChungChi,BASE TABLE
EDU_NUCE,dbo,DT_DS_NhatKyDongBoMonHocCTK,BASE TABLE
EDU_NUCE,dbo,ES_DeThi,BASE TABLE
EDU_NUCE,dbo,EX_EXT_DotThi,BASE TABLE
EDU_NUCE,dbo,ASC_HopDong_MangHD,BASE TABLE
EDU_NUCE,dbo,KTX_KT_ChiTietDienNuocTieuThu_TheoNgay,BASE TABLE
EDU_NUCE,dbo,TS_DangKyDuThi,BASE TABLE
EDU_NUCE,dbo,DT_DS_HocPhanThiTracNghiem,BASE TABLE
EDU_NUCE,dbo,EX_QuyDinhThangDiemChiTiet,BASE TABLE
EDU_NUCE,dbo,LX_DM_KhoaHoc,BASE TABLE
EDU_NUCE,dbo,KS_CauHoi,BASE TABLE
EDU_NUCE,dbo,CDR_KhoaMaTranDongGop,BASE TABLE
EDU_NUCE,dbo,DT_ThongTinSinhVien,BASE TABLE
EDU_NUCE,dbo,NK_DT_DangKyInBieuMauDeXuat,BASE TABLE
EDU_NUCE,dbo,NK_DT_XetThuTotNghiep,BASE TABLE
EDU_NUCE,dbo,NK_DienBienKhauTru,BASE TABLE
EDU_NUCE,dbo,DM_DotDangKyChuyenNganh,BASE TABLE
EDU_NUCE,dbo,TS_ThiSinhTrungTuyen,BASE TABLE
EDU_NUCE,dbo,DT_NhanSuPhanCongThongNhatDiem,BASE TABLE
EDU_NUCE,dbo,DT_MonHocChuyenDiemNganh2,BASE TABLE
EDU_NUCE,dbo,ES_DiemThi,BASE TABLE
EDU_NUCE,dbo,EX_EXT_MonThi,BASE TABLE
EDU_NUCE,dbo,KT_NC_KeHoachDaoTao,BASE TABLE
EDU_NUCE,dbo,CMS_Menu_NhatKyThaoTac,BASE TABLE
EDU_NUCE,dbo,CDR_CLO_DiemSo,BASE TABLE
EDU_NUCE,dbo,DT_DS_ImportDiem,BASE TABLE
EDU_NUCE,dbo,LX_DM_LopHoc,BASE TABLE
EDU_NUCE,dbo,DM_CotDiemTheoQuyUoc,BASE TABLE
EDU_NUCE,dbo,KS_CauHoiKS,BASE TABLE
EDU_NUCE,dbo,DT_HoSoSinhVien,BASE TABLE
EDU_NUCE,dbo,DT_TN_ThongTinLuanVanTienSi,BASE TABLE
EDU_NUCE,dbo,DT_QuyDinhThoiGianDangKyHocPhan,BASE TABLE
EDU_NUCE,dbo,TKB_LichHocGiangVienDuGio,BASE TABLE
EDU_NUCE,dbo,DM_KhoanThuKhac,BASE TABLE
EDU_NUCE,dbo,ACL_DonViLienKet,BASE TABLE
EDU_NUCE,dbo,TS_ThiSinhOnline,BASE TABLE
EDU_NUCE,dbo,tmpKHT,BASE TABLE
EDU_NUCE,dbo,TKB_CC_HeSoLoaiTiet,BASE TABLE
EDU_NUCE,dbo,ACL_PhanQuyenHT,BASE TABLE
EDU_NUCE,dbo,DT_TN_DangKyLuanVan,BASE TABLE
EDU_NUCE,dbo,DCMH_DeCuongMonHocTienQuyet,BASE TABLE
EDU_NUCE,dbo,DM_TieuChuanXepLoaiDanhHieuLopHocChiTiet,BASE TABLE
EDU_NUCE,dbo,HT_LOCK_DT_SinhVien,BASE TABLE
EDU_NUCE,dbo,DT_TN_DanhSachVanBang,BASE TABLE
EDU_NUCE,dbo,ASC_DM_KhoanChi,BASE TABLE
EDU_NUCE,dbo,CDR_PLO,BASE TABLE
EDU_NUCE,dbo,DT_DS_MapCotDiem,BASE TABLE
EDU_NUCE,dbo,DT_SinhVienUuDai,BASE TABLE
EDU_NUCE,dbo,LX_DT_HocVien,BASE TABLE
EDU_NUCE,dbo,DT_CauHinhMatKhauSinhVien,BASE TABLE
EDU_NUCE,dbo,DM_DotThi,BASE TABLE
EDU_NUCE,dbo,TS_NhanSuTuVan,BASE TABLE
EDU_NUCE,dbo,KS_CauTraLoiKS,BASE TABLE
EDU_NUCE,dbo,ES_DiemThiChiTiet,BASE TABLE
EDU_NUCE,dbo,DT_TN_ThongTinLuanVanTienSiChiTiet,BASE TABLE
EDU_NUCE,dbo,CDR_MaTranDongGop,BASE TABLE
EDU_NUCE,dbo,HT_QuyTrinhChiTiet,BASE TABLE
EDU_NUCE,dbo,DM_LoaiHinhDT,BASE TABLE
EDU_NUCE,dbo,EX_NhanSuQuanLyMonHocModule,BASE TABLE
EDU_NUCE,dbo,DM_QuaTrinhHocTap,BASE TABLE
EDU_NUCE,dbo,EX_HistoryDoKhoCauHoi,BASE TABLE
EDU_NUCE,dbo,TKB_ChamCongLichThi_TongHopCaCoiThi,BASE TABLE
EDU_NUCE,dbo,DCMH_DM_VaiTro,BASE TABLE
EDU_NUCE,dbo,KS_KetQuaThamDo,BASE TABLE
EDU_NUCE,dbo,DT_TN_KhoiKienThucXetKhoaLuan,BASE TABLE
EDU_NUCE,dbo,DT_DiemDatTheoLoaiMonHoc,BASE TABLE
EDU_NUCE,dbo,CDR_KhoaDiem,BASE TABLE
EDU_NUCE,dbo,TS_DangKyNguyenVong,BASE TABLE
EDU_NUCE,dbo,DT_KetQuaHocTapMonHoc,BASE TABLE
EDU_NUCE,dbo,DT_DS_QuyetDinh,BASE TABLE
EDU_NUCE,dbo,LX_KT_KeHoachThu,BASE TABLE
EDU_NUCE,dbo,DM_DotThiChiTiet,BASE TABLE
EDU_NUCE,dbo,HT_HinhAnh,BASE TABLE
EDU_NUCE,dbo,KT_NoiDungThuPhiChiTiet,BASE TABLE
EDU_NUCE,dbo,TKB_ChamCongCongViecKhac_ChiTiet,BASE TABLE
EDU_NUCE,dbo,NK_KC_API_EduMajor,BASE TABLE
EDU_NUCE,dbo,DCMH_DM_DoiTuongNguoiHoc,BASE TABLE
EDU_NUCE,dbo,ES_DoKho,BASE TABLE
EDU_NUCE,dbo,NK_KC_Lemon_Class,BASE TABLE
EDU_NUCE,dbo,KT_ChiTietSoThuMienGiam,BASE TABLE
EDU_NUCE,dbo,TS_DM_NganhPhuHop,BASE TABLE
EDU_NUCE,dbo,DM_ThoiGianDaoTao,BASE TABLE
EDU_NUCE,dbo,KS_ChiTietDotKS,BASE TABLE
EDU_NUCE,dbo,DT_NK_GetKetQuaHocTapMonHoc,BASE TABLE
EDU_NUCE,dbo,EX_HistoryDoKhoPhanCach,BASE TABLE
EDU_NUCE,dbo,DT_SinhVienThamGiaCauLacBo,BASE TABLE
EDU_NUCE,dbo,DT_TN_MonHocTuongDuong,BASE TABLE
EDU_NUCE,dbo,SYS_ActionQueue,BASE TABLE
EDU_NUCE,dbo,KTX_BangGhiChiSo_CongNo,BASE TABLE
EDU_NUCE,dbo,TS_DM_CaThi,BASE TABLE
EDU_NUCE,dbo,DT_GhiChuSinhVien,BASE TABLE
EDU_NUCE,dbo,LX_KT_SoThuLePhi,BASE TABLE
EDU_NUCE,dbo,TKB_ChiTietLopHocPhanGhep,BASE TABLE
EDU_NUCE,dbo,DM_DotXetTotNghiep,BASE TABLE
EDU_NUCE,dbo,DT_NhanSuKyBangDiem,BASE TABLE
EDU_NUCE,dbo,TKB_DM_LoaiCongViecKhac_ChiTiet,BASE TABLE
EDU_NUCE,dbo,HT_SSO_CauHinh,BASE TABLE
EDU_NUCE,dbo,DM_TruongPTTH,BASE TABLE
EDU_NUCE,dbo,NK_KC_API_SalesOrder,BASE TABLE
EDU_NUCE,dbo,NK_KC_Lemon_Invoice,BASE TABLE
EDU_NUCE,dbo,DT_DiemChuyenCanTheoLichHoc,BASE TABLE
EDU_NUCE,dbo,DM_MonHocNgoaiChuongTrinh,BASE TABLE
EDU_NUCE,dbo,TS_DM_NganhTotNghiep,BASE TABLE
EDU_NUCE,dbo,TS_ThiSinh,BASE TABLE
EDU_NUCE,dbo,DT_NK_GetKetQuaHocTapMonHocChiTiet,BASE TABLE
EDU_NUCE,dbo,TKB_ChamCongThieuSot,BASE TABLE
EDU_NUCE,dbo,DM_DonViThucTap,BASE TABLE
EDU_NUCE,dbo,CNCD_QuyetDinhThanhLapHoiDong,BASE TABLE
EDU_NUCE,dbo,EX_HistoryCapNhatBaiThiSinhVien,BASE TABLE
EDU_NUCE,dbo,DT_TN_QuyDinhChuanDauRa,BASE TABLE
EDU_NUCE,dbo,TS_DM_HoSo,BASE TABLE
EDU_NUCE,dbo,DT_KhungHocKy,BASE TABLE
EDU_NUCE,dbo,LX_NK_PhieuHuy,BASE TABLE
EDU_NUCE,dbo,DT_CC_SinhVienDaDongBoDTNH,BASE TABLE
EDU_NUCE,dbo,TS_DM_ChiTietDoiTuongTheoPhuongXaDanToc,BASE TABLE
EDU_NUCE,dbo,BK_DangKyNguyenVong,BASE TABLE
EDU_NUCE,dbo,HT_SSO_DangNhap,BASE TABLE
EDU_NUCE,dbo,DM_HoSo,BASE TABLE
EDU_NUCE,dbo,TKB_CC_HeSoKhoiNganh,BASE TABLE
EDU_NUCE,dbo,ES_Ext_BoDeThi,BASE TABLE
EDU_NUCE,dbo,NK_KC_Lemon_Receivable,BASE TABLE
EDU_NUCE,dbo,HT_QuyTrinh,BASE TABLE
EDU_NUCE,dbo,DT_GiangVienChamThi,BASE TABLE
EDU_NUCE,dbo,TS_CTTuyenSinh,BASE TABLE
EDU_NUCE,dbo,DM_QuaTrinhHocTapDeXuat,BASE TABLE
EDU_NUCE,dbo,DM_HanhViViPham,BASE TABLE
EDU_NUCE,dbo,DTBD_TKB_LopHocPhan,BASE TABLE
EDU_NUCE,dbo,BK_DuKienXetTuyenCD,BASE TABLE
EDU_NUCE,dbo,DT_SinhVienKhongDatHocBong,BASE TABLE
EDU_NUCE,dbo,DM_LoaiXepLich,BASE TABLE
EDU_NUCE,dbo,DM_DonViThucTapDeXuat,BASE TABLE
EDU_NUCE,dbo,CNCD_DM_HoSo,BASE TABLE
EDU_NUCE,dbo,EX_HistoryResetDangNhap,BASE TABLE
EDU_NUCE,dbo,TKB_LichThi_GiangVienThanhTra,BASE TABLE
EDU_NUCE,dbo,TKB_LichHoc_KeHoachGiangDay,BASE TABLE
EDU_NUCE,dbo,DT_TN_QuyDinhChuanDauRaChung,BASE TABLE
EDU_NUCE,dbo,TS_DM_Huyen,BASE TABLE
EDU_NUCE,dbo,DT_ChiTietKhungHocKy,BASE TABLE
EDU_NUCE,dbo,NK_DoiMaSinhVien,BASE TABLE
EDU_NUCE,dbo,DT_NhanSuThamGiaKySoBangDiem,BASE TABLE
EDU_NUCE,dbo,TS_DM_DoiTuongTheoPhuongXaDanToc,BASE TABLE
EDU_NUCE,dbo,KS_DoiTuongKS,BASE TABLE
EDU_NUCE,dbo,BK_DuKienXetTuyenDH,BASE TABLE
EDU_NUCE,dbo,NK_KC_CRM_Lead,BASE TABLE
EDU_NUCE,dbo,DM_QuanHeGiaDinh,BASE TABLE
EDU_NUCE,dbo,ES_Ext_CauTraLoiThuTu,BASE TABLE
EDU_NUCE,dbo,NK_KC_Lemon_Student,BASE TABLE
EDU_NUCE,dbo,CNCD_DotDangKyChuyenDiem,BASE TABLE
EDU_NUCE,dbo,DT_GiangVienChuNhiemLopHoc,BASE TABLE
EDU_NUCE,dbo,BK_KetQuaThi,BASE TABLE
EDU_NUCE,dbo,TS_DM_TrangThaiHoSoThongBaoTT,BASE TABLE
EDU_NUCE,dbo,DM_DotThucTap,BASE TABLE
EDU_NUCE,dbo,CNCD_QuyetDinhChiTiet,BASE TABLE
EDU_NUCE,dbo,EX_HistoryResetMatKhau,BASE TABLE
EDU_NUCE,dbo,QLTD_DM_LoaiDon,BASE TABLE
EDU_NUCE,dbo,TKB_TienDoDaoTao,BASE TABLE
EDU_NUCE,dbo,DT_TN_SinhVienNoQuyetToan,BASE TABLE
EDU_NUCE,dbo,TKB_KeHoachNghiLe,BASE TABLE
EDU_NUCE,dbo,DT_CTK_ChiTietNhomTuChon,BASE TABLE
EDU_NUCE,dbo,NK_DT_CapNhatTrangThaiSinhVien,BASE TABLE
EDU_NUCE,dbo,DM_HeSoMonVanHoa,BASE TABLE
EDU_NUCE,dbo,DT_CapNhanThe,BASE TABLE
EDU_NUCE,dbo,DTBD_DS_DiemThanhPhan,BASE TABLE
EDU_NUCE,dbo,KS_DotKS,BASE TABLE
EDU_NUCE,dbo,BK_KetQuaThiXetTuyenCD,BASE TABLE
EDU_NUCE,dbo,TKB_LHP_PhongHocDuKien,BASE TABLE
EDU_NUCE,dbo,ES_Ext_DangKyThi,BASE TABLE
EDU_NUCE,dbo,NK_KT_MienGiamPhatSinh_Log,BASE TABLE
EDU_NUCE,dbo,DM_CachXetTotNghiepNhomTuChon,BASE TABLE
EDU_NUCE,dbo,DT_LichSuDongBoITest,BASE TABLE
EDU_NUCE,dbo,TS_DM_KhungHoSo,BASE TABLE
EDU_NUCE,dbo,DT_ChuongTrinhKhung,BASE TABLE
EDU_NUCE,dbo,HT_QuyTrinhPhanQuyen,BASE TABLE
EDU_NUCE,dbo,DT_HanCheThaoTac,BASE TABLE
EDU_NUCE,dbo,BK_KetQuaThiXetTuyenDH,BASE TABLE
EDU_NUCE,dbo,DM_LoaiThucTap,BASE TABLE
EDU_NUCE,dbo,DM_TieuChiXetDanhHieuLopHoc,BASE TABLE
EDU_NUCE,dbo,EX_HistoryResetThiLai,BASE TABLE
EDU_NUCE,dbo,DT_ApDungKeHoachDangKyLuanVan,BASE TABLE
EDU_NUCE,dbo,Exam_NganHangCauHoi_ChiaSe,BASE TABLE
EDU_NUCE,dbo,DT_CTK_NhomTuChon,BASE TABLE
EDU_NUCE,dbo,NK_HuyPhieuChi,BASE TABLE
EDU_NUCE,dbo,DM_HinhThucThi,BASE TABLE
EDU_NUCE,dbo,ES_Chuong,BASE TABLE
EDU_NUCE,dbo,BK_ThiSinhTrungTuyen,BASE TABLE
EDU_NUCE,dbo,DM_DayNha,BASE TABLE
EDU_NUCE,dbo,ES_Ext_DangNhapThi,BASE TABLE
EDU_NUCE,dbo,DM_ChiTietTemplateChuongTrinhKhung,BASE TABLE
EDU_NUCE,dbo,TKB_LichHocGiangVien_DiemDanh,BASE TABLE
EDU_NUCE,dbo,DT_TongKetKhoaHocVanHoa,BASE TABLE
EDU_NUCE,dbo,TS_DM_NgoaiNguMienThi,BASE TABLE
EDU_NUCE,dbo,DM_MonHoc,BASE TABLE
EDU_NUCE,dbo,KS_KetQuaKS,BASE TABLE
EDU_NUCE,dbo,BK_XetTuyenNguyenVong,BASE TABLE
EDU_NUCE,dbo,TMP_HUCE_NopBanCung,BASE TABLE
EDU_NUCE,dbo,DM_NCS_LoaiBaoCao,BASE TABLE
EDU_NUCE,dbo,CNCD_ThanhVienHoiDong,BASE TABLE
EDU_NUCE,dbo,EX_ImportDiemLHP,BASE TABLE
EDU_NUCE,dbo,DT_DeXuatKhenThuongSinhVien,BASE TABLE
EDU_NUCE,dbo,QLTD_MauDon_CaiDatQuyTrinh,BASE TABLE
EDU_NUCE,dbo,DM_LoaiQuyetDinh,BASE TABLE
EDU_NUCE,dbo,HT_ResourceColumns,BASE TABLE
EDU_NUCE,dbo,DT_HocKyMienGiam,BASE TABLE
EDU_NUCE,dbo,NK_KT_HuyChiTietSoThu,BASE TABLE
EDU_NUCE,dbo,DM_HinhThucXuLy,BASE TABLE
EDU_NUCE,dbo,CC_ChiTietLichHoc,BASE TABLE
EDU_NUCE,dbo,DTBD_KT_ChiTietSoThu,BASE TABLE
EDU_NUCE,dbo,TKB_XinPhongTuDo,BASE TABLE
EDU_NUCE,dbo,ES_Ext_DeThi,BASE TABLE
EDU_NUCE,dbo,DM_Template_KhoiKienThuc,BASE TABLE
EDU_NUCE,dbo,TX_KT_SoChiSoDuTheXe,BASE TABLE
EDU_NUCE,dbo,DT_TongKetNamHoc,BASE TABLE
EDU_NUCE,dbo,KS_LoaiCauHoi,BASE TABLE
EDU_NUCE,dbo,DM_NganhThucTap,BASE TABLE
EDU_NUCE,dbo,CNCD_QuyetDinhThanhLapHoiDongChiTiet,BASE TABLE
EDU_NUCE,dbo,DT_DKLV_BaoCaoKeHoach,BASE TABLE
EDU_NUCE,dbo,TS_LTDK_PhongThi,BASE TABLE
EDU_NUCE,dbo,TKB_LopHocPhanGhep,BASE TABLE
EDU_NUCE,dbo,DM_CaHoc_HocKy,BASE TABLE
EDU_NUCE,dbo,TS_DM_PhongThi,BASE TABLE
EDU_NUCE,dbo,DT_HoTroChiPhiHocTap,BASE TABLE
EDU_NUCE,dbo,NK_DT_CapNhatTrangThaiSinhVien_BAK,BASE TABLE
EDU_NUCE,dbo,NK_KT_KC_NhatKyKetChuyen,BASE TABLE
EDU_NUCE,dbo,DM_HoSoTuyenSinh,BASE TABLE
EDU_NUCE,dbo,ES_CauHoi,BASE TABLE
EDU_NUCE,dbo,CC_ChungChiSinhVien,BASE TABLE
EDU_NUCE,dbo,DTBD_KT_SoThu,BASE TABLE
EDU_NUCE,dbo,ES_Ext_DiemThi,BASE TABLE
EDU_NUCE,dbo,TKB_LH_NhatKyThamGiaLopHocTrucTuyen,BASE TABLE
EDU_NUCE,dbo,DM_Template_LoaiMonHoc,BASE TABLE
EDU_NUCE,dbo,HT_TinhHuyenXaBackup,BASE TABLE
EDU_NUCE,dbo,DT_TuiBaiThiPhanQuyen,BASE TABLE
EDU_NUCE,dbo,NK_HuyDangKyHocPhan,BASE TABLE
EDU_NUCE,dbo,KS_LoaiCauTLKS,BASE TABLE
EDU_NUCE,dbo,DM_NoiDungThamDinh,BASE TABLE
EDU_NUCE,dbo,DM_LoaiHinhGiangDay,BASE TABLE
EDU_NUCE,dbo,CNCD_DM_DoiTuongChuyenDiem,BASE TABLE
EDU_NUCE,dbo,EX_LoaiGiayNhanDang,BASE TABLE
EDU_NUCE,dbo,DT_KeHoachDangKyLuanVan,BASE TABLE
EDU_NUCE,dbo,QLTD_DM_TrangThaiXuLy,BASE TABLE
EDU_NUCE,dbo,NK_HK2_ChuyenSangHocLai,BASE TABLE
EDU_NUCE,dbo,TS_CauHinhDKXetTuyenBoSung,BASE TABLE
EDU_NUCE,dbo,EX_EXT_ChamThiGiay,BASE TABLE
EDU_NUCE,dbo,TS_DM_PhuongXa,BASE TABLE
EDU_NUCE,dbo,NK_KT_KC_SoChi,BASE TABLE
EDU_NUCE,dbo,DM_KhenThuong,BASE TABLE
EDU_NUCE,dbo,CC_DangKyLuyenThi,BASE TABLE
EDU_NUCE,dbo,ES_Ext_DiemThiChiTiet,BASE TABLE
EDU_NUCE,dbo,DM_Template_NhomTuChon,BASE TABLE
EDU_NUCE,dbo,DT_DongBoDuLieuThiITest,BASE TABLE
EDU_NUCE,dbo,DT_TuiDanhPhach,BASE TABLE
EDU_NUCE,dbo,KT_ChiTietSoThu,BASE TABLE
EDU_NUCE,dbo,TS_ThiSinhOnlineQuanHeGiaDinh,BASE TABLE
EDU_NUCE,dbo,DT_KeHoachToChucThi,BASE TABLE
EDU_NUCE,dbo,KTX_TS_TaiSanGiuong,BASE TABLE
EDU_NUCE,dbo,DT_SinhVien_TrangThai_BAK,BASE TABLE
EDU_NUCE,dbo,KS_NhomCauHoiKS,BASE TABLE
EDU_NUCE,dbo,TKB_PhongHocUuTien,BASE TABLE
EDU_NUCE,dbo,DT_DangKyThucTap,BASE TABLE
EDU_NUCE,dbo,DM_PhuongThucGiangDay,BASE TABLE
EDU_NUCE,dbo,CNCD_QuyetDinh,BASE TABLE
EDU_NUCE,dbo,EX_LoaiGiayNhanDangChiTiet,BASE TABLE
EDU_NUCE,dbo,DT_KeHoachDangKyLuanVanChiTiet,BASE TABLE
EDU_NUCE,dbo,NK_DangKyKhoiPhucHocPhan,BASE TABLE
EDU_NUCE,dbo,DT_DS_QuyUocCotDiem,BASE TABLE
EDU_NUCE,dbo,DM_NganHang,BASE TABLE
EDU_NUCE,dbo,EX_EXT_ChamThiGiayChiTiet,BASE TABLE
EDU_NUCE,dbo,NK_KT_KC_SoThuNganHang,BASE TABLE
EDU_NUCE,dbo,DM_KhoanChi,BASE TABLE
EDU_NUCE,dbo,ES_Ext_LichThiNgoaiChiTiet,BASE TABLE
EDU_NUCE,dbo,DM_TemplateChuongTrinhKhung,BASE TABLE
EDU_NUCE,dbo,DT_DangKyGiaHanThoiGianDaoTao,BASE TABLE
EDU_NUCE,dbo,DT_XetCapGDTC_GDQP,BASE TABLE
EDU_NUCE,dbo,__MigrationLog,BASE TABLE
EDU_NUCE,dbo,TS_DM_Tinh,BASE TABLE
EDU_NUCE,dbo,KT_SoThuHocPhi,BASE TABLE
EDU_NUCE,dbo,DT_KetQuaDiemThanhPhan,BASE TABLE
EDU_NUCE,dbo,KS_PhieuKS,BASE TABLE
EDU_NUCE,dbo,DT_NCS_BaoCao,BASE TABLE
EDU_NUCE,dbo,EX_CauHoiHTML,BASE TABLE
EDU_NUCE,dbo,CNCD_HoSoDangKyChuyenDiem,BASE TABLE
EDU_NUCE,dbo,EX_LogBaiThiSinhVien,BASE TABLE
EDU_NUCE,dbo,TKB_KhaiBaoCapNhatLHP,BASE TABLE
EDU_NUCE,dbo,TS_DM_KyHieuTinh,BASE TABLE
EDU_NUCE,dbo,DM_ChiTietLopHocDotDeXuatThongTinSV,BASE TABLE
EDU_NUCE,dbo,DM_ChiTietDotDangKyMoMon,BASE TABLE
EDU_NUCE,dbo,NK_MienGiamHP,BASE TABLE
EDU_NUCE,dbo,DM_KhoanThuTuDo,BASE TABLE
EDU_NUCE,dbo,CC_DangKyThiChungChiAnhVan,BASE TABLE
EDU_NUCE,dbo,DM_LoaiNhatKySuaDiem,BASE TABLE
EDU_NUCE,dbo,ES_Ext_NhanSuDotThi,BASE TABLE
EDU_NUCE,dbo,DM_TemplateMonHocRangBuoc,BASE TABLE
EDU_NUCE,dbo,DT_NoiDungSHCN,BASE TABLE
EDU_NUCE,dbo,DT_XetDanhHieuDot,BASE TABLE
EDU_NUCE,dbo,DM_LopHoc,BASE TABLE
EDU_NUCE,dbo,TS_DM_BangCap,BASE TABLE
EDU_NUCE,dbo,KT_ThongTinNhapHocOnline,BASE TABLE
EDU_NUCE,dbo,DT_TN_ChiTietHaBacTotNghiep,BASE TABLE
EDU_NUCE,dbo,DM_LinhVuc,BASE TABLE
EDU_NUCE,dbo,KS_QuyUocXepLoaiKSGV,BASE TABLE
EDU_NUCE,dbo,DT_NCS_ThamDinhXetTotNghiep,BASE TABLE
EDU_NUCE,dbo,EX_CauTraLoiHTML,BASE TABLE
EDU_NUCE,dbo,CNCD_DangKyChuyenDiemChiTiet,BASE TABLE
EDU_NUCE,dbo,EX_MauGiayNhanDang,BASE TABLE
EDU_NUCE,dbo,DT_XetDanhHieuKhoaHoc,BASE TABLE
EDU_NUCE,dbo,DT_KhoaDiem,BASE TABLE
EDU_NUCE,dbo,__SchemaSnapshot,BASE TABLE
EDU_NUCE,dbo,TS_DM_TrinhDoNgoaiNgu,BASE TABLE
EDU_NUCE,dbo,DT_KetQuaHocTapMonHoc_TMP,BASE TABLE
EDU_NUCE,dbo,DM_ChiTietDotDeXuatXetTotNghiep,BASE TABLE
EDU_NUCE,dbo,OP_DoiChieuSoThu,BASE TABLE
EDU_NUCE,dbo,DM_KhoiKienThuc,BASE TABLE
EDU_NUCE,dbo,DT_CauHinhGetKetQuaHocTap,BASE TABLE
EDU_NUCE,dbo,DT_MonHocTuongDuong,BASE TABLE
EDU_NUCE,dbo,ES_Ext_NhanSuLichThi,BASE TABLE
EDU_NUCE,dbo,DT_NoiDungSHCNChiTiet,BASE TABLE
EDU_NUCE,dbo,DT_ChiTietPhanMonLopHoc,BASE TABLE
EDU_NUCE,dbo,DT_KetQuaDanhGiaRenLuyen,BASE TABLE
EDU_NUCE,dbo,TKB_CoSoXepLich,BASE TABLE
EDU_NUCE,dbo,KS_ThongTinNguoiKS,BASE TABLE
EDU_NUCE,dbo,EX_History,BASE TABLE
EDU_NUCE,dbo,DT_CauHinhCanhBaoHocVu,BASE TABLE
EDU_NUCE,dbo,DM_CauLacBoSinhVien,BASE TABLE
EDU_NUCE,dbo,EX_MauGiayNhanDangChiTiet,BASE TABLE
EDU_NUCE,dbo,QLTD_MauDon_PhanQuyenPhuTrachPhongBan,BASE TABLE
EDU_NUCE,dbo,EX_EXT_ThiSinh,BASE TABLE
EDU_NUCE,dbo,DT_CTK_KhoiKienThuc,BASE TABLE
EDU_NUCE,dbo,DT_XetHocBongKhoaHoc,BASE TABLE
EDU_NUCE,dbo,TS_DuKienXetTuyenCD,BASE TABLE
EDU_NUCE,dbo,DM_ChiTietHoSoDeXuatXetTotNghiep,BASE TABLE
EDU_NUCE,dbo,OP_NhatKyThayDoiGiaoDich,BASE TABLE
EDU_NUCE,dbo,DM_KhoiNganh,BASE TABLE
EDU_NUCE,dbo,DM_SinhVienDongBoNopLuanVan,BASE TABLE
EDU_NUCE,dbo,BC_ChotDuLieu_TaiChinh,BASE TABLE
EDU_NUCE,dbo,DM_NguonDongBoRenLuyen,BASE TABLE
EDU_NUCE,dbo,CC_DangKyThiChungChiTinHoc,BASE TABLE
EDU_NUCE,dbo,DT_ChiTietMonHocModule,BASE TABLE
EDU_NUCE,dbo,ES_Ext_NhanSuThiTracNghiem,BASE TABLE
EDU_NUCE,dbo,DT_SinhVienMienMonHoc,BASE TABLE
EDU_NUCE,dbo,DT_PhanMonLopHoc,BASE TABLE
EDU_NUCE,dbo,DT_KhenThuongSinhVien,BASE TABLE
EDU_NUCE,dbo,DT_HB_MucHocBongChiTiet,BASE TABLE
EDU_NUCE,dbo,_DM_HinhThucNopHoSoOnline,BASE TABLE
EDU_NUCE,dbo,DT_TongKetKhoaHoc,BASE TABLE
EDU_NUCE,dbo,CNCD_HoiDongXetDuyet,BASE TABLE
EDU_NUCE,dbo,EX_SinhVienDangNhapThi,BASE TABLE
EDU_NUCE,dbo,NK_KC_API_Deactives,BASE TABLE
EDU_NUCE,dbo,EX_EXT_DiaDiemThi,BASE TABLE
EDU_NUCE,dbo,DT_CTK_LoaiMonHoc,BASE TABLE
EDU_NUCE,dbo,TS_DuKienXetTuyenDH,BASE TABLE
EDU_NUCE,dbo,DM_DotDangKyMoMon,BASE TABLE
EDU_NUCE,dbo,TKB_ChamCongCongViecKhac,BASE TABLE
EDU_NUCE,dbo,KT_LOCK_KeHoachThu,BASE TABLE
EDU_NUCE,dbo,KT_TC_ChiTietKeHoachThu,BASE TABLE
EDU_NUCE,dbo,BC_ChotDuLieu,BASE TABLE
EDU_NUCE,dbo,DM_DanhMucCauHinhCotHienThi,BASE TABLE
EDU_NUCE,dbo,KS_TraLoi,BASE TABLE
EDU_NUCE,dbo,DT_SinhVienDongBoRenLuyen,BASE TABLE
EDU_NUCE,dbo,DT_MonHocModule,BASE TABLE
EDU_NUCE,dbo,ES_HistoryCapNhatBaiThiSinhVien,BASE TABLE
EDU_NUCE,dbo,DM_ChiTietDotNgoaiKhoa,BASE TABLE
EDU_NUCE,dbo,DM_LoaiHinhGiangDayChiTiet,BASE TABLE
EDU_NUCE,dbo,HT_Tracking,BASE TABLE
EDU_NUCE,dbo,DT_XuLyViPhamQuyCheThi,BASE TABLE
EDU_NUCE,dbo,DT_SinhVien,BASE TABLE
EDU_NUCE,dbo,DT_KhoaDiemHanhKiem,BASE TABLE
EDU_NUCE,dbo,NK_KC_API_PhanBoTienPhat,BASE TABLE
EDU_NUCE,dbo,_DM_TrangThaiHoSoThiSinh,BASE TABLE
EDU_NUCE,dbo,DM_KhungHoSo,BASE TABLE
EDU_NUCE,dbo,DT_DSSinhVienTotNghiep,BASE TABLE
EDU_NUCE,dbo,CNCD_HoiDongChiTiet,BASE TABLE
EDU_NUCE,dbo,QLTD_DM_MauDon,BASE TABLE
EDU_NUCE,dbo,EX_EXT_MonThiGiangVien,BASE TABLE
EDU_NUCE,dbo,EX_HistoryDoKho,BASE TABLE
EDU_NUCE,dbo,TS_HoSoNopOnline,BASE TABLE
EDU_NUCE,dbo,DM_DotDeXuatXetTotNghiep,BASE TABLE
EDU_NUCE,dbo,TKB_ChamCongLichHoc_QuyDoi,BASE TABLE
EDU_NUCE,dbo,KS_YKienSinhVien,BASE TABLE
EDU_NUCE,dbo,TMP_QuyDoiDiemTinChiIUH,BASE TABLE
EDU_NUCE,dbo,DT_SinhVienEx,BASE TABLE
EDU_NUCE,dbo,ES_HistoryResetDangNhap,BASE TABLE
EDU_NUCE,dbo,DM_DotNgoaiKhoa,BASE TABLE
EDU_NUCE,dbo,NK_KT_KC_NhatKyKetChuyen_log,BASE TABLE
EDU_NUCE,dbo,DTBD_ChucVuLopHoc,BASE TABLE
EDU_NUCE,dbo,DT_KhoiLuongCoVanHocTap,BASE TABLE
EDU_NUCE,dbo,DM_KhuVuc,BASE TABLE
EDU_NUCE,dbo,DM_LoaiDanhMucCauHinhCotHienThi,BASE TABLE
EDU_NUCE,dbo,CC_DangKyThiXepLop,BASE TABLE
EDU_NUCE,dbo,CNCD_DangKyChuyenDiem,BASE TABLE
EDU_NUCE,dbo,EX_ThiSinhDotThi,BASE TABLE
EDU_NUCE,dbo,TKB_ChamCongLichHoc_HeSoChamCong,BASE TABLE
EDU_NUCE,dbo,DT_HeLoaiHocChung,BASE TABLE
EDU_NUCE,dbo,TS_HoSoThiSinh,BASE TABLE
EDU_NUCE,dbo,KT_NC_DuKienThu,BASE TABLE
EDU_NUCE,dbo,DM_KinhPhiMienGiam,BASE TABLE
EDU_NUCE,dbo,DM_HoSoDeXuatXetTotNghiep,BASE TABLE
EDU_NUCE,dbo,DT_DashboardSinhVien,BASE TABLE
EDU_NUCE,dbo,KT_BangDonGiaTinChiChuan,BASE TABLE
EDU_NUCE,dbo,DTBD_KT_CongNo,BASE TABLE
EDU_NUCE,dbo,ES_LichThiChiTiet,BASE TABLE
EDU_NUCE,dbo,DM_HinhThucTSNhanHS,BASE TABLE
EDU_NUCE,dbo,TS_KetQuaXetTuyen_Tmp,BASE TABLE
EDU_NUCE,dbo,DTBD_CTK,BASE TABLE
EDU_NUCE,dbo,DT_KieuDonTuiDanhPhach,BASE TABLE
EDU_NUCE,dbo,DM_TinhChatCongNo,BASE TABLE
EDU_NUCE,dbo,DM_TruongTCCDDH,BASE TABLE
EDU_NUCE,dbo,DM_HoatDongNgoaiKhoa,BASE TABLE
EDU_NUCE,dbo,DM_BieuMauWeb,BASE TABLE
EDU_NUCE,dbo,TKB_DoiPhong,BASE TABLE
EDU_NUCE,dbo,EX_ThiSinhLichThi,BASE TABLE
EDU_NUCE,dbo,TS_LTDK_NhomThi,BASE TABLE
EDU_NUCE,dbo,EX_EXT_GiamThiKetThucThi,BASE TABLE
EDU_NUCE,dbo,TS_HoSoThiSinhLienKet,BASE TABLE
EDU_NUCE,dbo,DM_MonHocTuongTu,BASE TABLE
EDU_NUCE,dbo,DT_ChiTietDiemNoThanhPhan,BASE TABLE
EDU_NUCE,dbo,DM_LePhiThiLaiCoSo,BASE TABLE
EDU_NUCE,dbo,TC_HD_HopDong,BASE TABLE
EDU_NUCE,dbo,KT_BangGhiNo,BASE TABLE
EDU_NUCE,dbo,EX_EXT_DangNhapThi,BASE TABLE
EDU_NUCE,dbo,ES_LoaiGiayNhanDang,BASE TABLE
EDU_NUCE,dbo,KT_KeHoachThuChung,BASE TABLE
EDU_NUCE,dbo,DT_KieuDonTuiDanhPhachTotNghiep,BASE TABLE
EDU_NUCE,dbo,KT_KeHoachThuChungTheoLop,BASE TABLE
EDU_NUCE,dbo,TKB_ChamCongLichHoc_QuyDoiChiTiet,BASE TABLE
EDU_NUCE,dbo,KT_TC_KeHoachThu,BASE TABLE
EDU_NUCE,dbo,EX_Image,BASE TABLE
EDU_NUCE,dbo,DM_DonViToChucNgoaiKhoa,BASE TABLE
EDU_NUCE,dbo,DM_LoaiHoatDongNgoaiKhoa,BASE TABLE
EDU_NUCE,dbo,DM_ChucDanhHoiDong,BASE TABLE
EDU_NUCE,dbo,KS_KhaoSat_TMP,BASE TABLE
EDU_NUCE,dbo,DT_KetQuaHocTapChiTiet,BASE TABLE
EDU_NUCE,dbo,DTBD_CTK_BaiHocChiTiet,BASE TABLE
EDU_NUCE,dbo,EX_GiamThiKetThucThi,BASE TABLE
EDU_NUCE,dbo,TS_KetQuaThi,BASE TABLE
EDU_NUCE,dbo,EGOV_VanBanDen_LichSu,BASE TABLE
EDU_NUCE,dbo,DT_HoSoDeXuatXetTotNghiep,BASE TABLE
EDU_NUCE,dbo,DT_ThietLapTinhTongKetHocKyNamHoc,BASE TABLE
EDU_NUCE,dbo,EX_BaiThiSinhVien,BASE TABLE
EDU_NUCE,dbo,DM_LoaiHanhViViPham,BASE TABLE
EDU_NUCE,dbo,TC_HD_SinhVien,BASE TABLE
EDU_NUCE,dbo,KT_CauHinhThuPhiTuDo,BASE TABLE
EDU_NUCE,dbo,CC_DiemChungChiAnhVan,BASE TABLE
EDU_NUCE,dbo,EX_EXT_DiemThi,BASE TABLE
EDU_NUCE,dbo,DM_DonViCuDiHoc,BASE TABLE
EDU_NUCE,dbo,ES_LoaiGiayNhanDangChiTiet,BASE TABLE
EDU_NUCE,dbo,KS_TyLeDiem_TMP,BASE TABLE
EDU_NUCE,dbo,DM_ChiTietDotDeXuatThongTinSV,BASE TABLE
EDU_NUCE,dbo,DT_KS_CauHoi,BASE TABLE
EDU_NUCE,dbo,DM_NhomMienGiam,BASE TABLE
EDU_NUCE,dbo,NK_KC_Lemon_Invoice_Detail,BASE TABLE
EDU_NUCE,dbo,EX_HistoryDoKhoCauHoiCTG,BASE TABLE
EDU_NUCE,dbo,_DM_TieuChiTuyenSinh,BASE TABLE
EDU_NUCE,dbo,DM_MonHocRangBuoc,BASE TABLE
EDU_NUCE,dbo,CNCD_HoiDong,BASE TABLE
EDU_NUCE,dbo,TS_DanhSachThiSinh_TMP,BASE TABLE
EDU_NUCE,dbo,EX_ThoiGianXemLaiBaiThi,BASE TABLE
EDU_NUCE,dbo,DTBD_LopHoc,BASE TABLE
EDU_NUCE,dbo,DTBD_CTK_ChiTiet,BASE TABLE
EDU_NUCE,dbo,TS_KetQuaThiXetTuyenCD,BASE TABLE
EDU_NUCE,dbo,ASC_TamUng_DaXemThanhToan,BASE TABLE
EDU_NUCE,dbo,DT_HoSoSinhVienFile,BASE TABLE
EDU_NUCE,dbo,TS_LopTinh,BASE TABLE
EDU_NUCE,dbo,TKB_ChamCongLichThi,BASE TABLE
EDU_NUCE,dbo,NK_HuyPhieuTamThu,BASE TABLE
EDU_NUCE,dbo,DM_LoaiKhenThuong,BASE TABLE
EDU_NUCE,dbo,TS_KetQuaXetThu_Tmp,BASE TABLE
EDU_NUCE,dbo,EX_EXT_DiemThiChiTiet,BASE TABLE
EDU_NUCE,dbo,ES_LopHocPhanDaImportDiem,BASE TABLE
EDU_NUCE,dbo,DT_LoginSession,BASE TABLE
EDU_NUCE,dbo,DT_KS_CauTraLoi,BASE TABLE
EDU_NUCE,dbo,DM_TieuChuanXepLoaiDanhHieuLopHoc,BASE TABLE
EDU_NUCE,dbo,DT_ThongKeSinhVienDauCuoiKhoa,BASE TABLE
EDU_NUCE,dbo,TKB_HeSoHeDaoTao,BASE TABLE
EDU_NUCE,dbo,KT_ChuyenKhoanQuaNganHang,BASE TABLE
EDU_NUCE,dbo,DM_HeSoMonHoc,BASE TABLE
EDU_NUCE,dbo,DM_NgoaiNgu,BASE TABLE
EDU_NUCE,dbo,TS_ThiSinhTrungTuyen_TMP,BASE TABLE
EDU_NUCE,dbo,TKB_QuyDoiXepLichTuan,BASE TABLE
EDU_NUCE,dbo,TS_KetQuaThiXetTuyenDH,BASE TABLE
EDU_NUCE,dbo,KT_DonGiaMoLopTheoSiSoDangKy,BASE TABLE
EDU_NUCE,dbo,DT_SinhVienDeXuatXetTotNghiep,BASE TABLE
EDU_NUCE,dbo,TX_LichSuThanhToan,BASE TABLE
EDU_NUCE,dbo,DM_LoaiKhoanThuKhac,BASE TABLE
EDU_NUCE,dbo,_DM_ReplaceText,BASE TABLE
EDU_NUCE,dbo,TS_ThongTinLienHe,BASE TABLE
EDU_NUCE,dbo,NK_KC_Lemon_Receivable_Detail,BASE TABLE
EDU_NUCE,dbo,CC_DotMoLopLuyenThi,BASE TABLE
EDU_NUCE,dbo,EX_EXT_LogBaiThiThiSinh,BASE TABLE
EDU_NUCE,dbo,ES_MauGiayNhanDang,BASE TABLE
EDU_NUCE,dbo,KTX_TS_TheTaiSan,BASE TABLE
EDU_NUCE,dbo,DTBD_DangKyHocPhan,BASE TABLE
EDU_NUCE,dbo,OP_NganHangGachNoLog,BASE TABLE
EDU_NUCE,dbo,HT_LOCK_KT_SoThuHocPhi,BASE TABLE
EDU_NUCE,dbo,DT_KS_SinhVienTraLoi,BASE TABLE
EDU_NUCE,dbo,DT_GiaoTuiDeNhanTuiBai,BASE TABLE
EDU_NUCE,dbo,TS_PhanBoChiTieuChiTiet,BASE TABLE
EDU_NUCE,dbo,_DM_MonThiTuyenSinh,BASE TABLE
EDU_NUCE,dbo,QLTD_MauDon_CaiDatQuyTrinhChiTiet,BASE TABLE
EDU_NUCE,dbo,EX_DanhMuc,BASE TABLE
EDU_NUCE,dbo,KTX_TS_TaiSanGiuongHaoMon,BASE TABLE
EDU_NUCE,dbo,TS_KieuDonTuiDanhPhach,BASE TABLE
EDU_NUCE,dbo,TS_DM_QuyDoiDiemHe4,BASE TABLE
EDU_NUCE,dbo,EX_BaiThiSinhVienFile,BASE TABLE
EDU_NUCE,dbo,TKB_TrangThaiDangKyLopHocPhan,BASE TABLE
EDU_NUCE,dbo,NK_InBieuMau,BASE TABLE
EDU_NUCE,dbo,DM_LoaiMienGiam,BASE TABLE
EDU_NUCE,dbo,DM_HinhThucGiangDay,BASE TABLE
EDU_NUCE,dbo,TKB_CoSoCapPhong,BASE TABLE
EDU_NUCE,dbo,_DM_TuDienHeThong,BASE TABLE
EDU_NUCE,dbo,ES_MauGiayNhanDangChiTiet,BASE TABLE
EDU_NUCE,dbo,DM_QuanHeGiaDinhDeXuat,BASE TABLE
EDU_NUCE,dbo,DTBD_DiemDanhHocVien,BASE TABLE
EDU_NUCE,dbo,TKB_LopXepLichThi,BASE TABLE
EDU_NUCE,dbo,DT_LichThiTotNghiepSinhVien,BASE TABLE
EDU_NUCE,dbo,DT_HB_ChiTietPhanBo,BASE TABLE
EDU_NUCE,dbo,NK_HuyDangKyThiLai,BASE TABLE
EDU_NUCE,dbo,KT_KC_SoChi,BASE TABLE
EDU_NUCE,dbo,tblBackupCTK,BASE TABLE
EDU_NUCE,dbo,TS_MauXetTuyen,BASE TABLE
EDU_NUCE,dbo,EGOV_GiaiDoanThanhToanHopDongBaoTri,BASE TABLE
EDU_NUCE,dbo,EX_EXT_BaiThiThiSinhFile,BASE TABLE
EDU_NUCE,dbo,DT_DiemCongKhenThuongSinhVien,BASE TABLE
EDU_NUCE,dbo,TKB_ChamCongLichThi_QuyDoi,BASE TABLE
EDU_NUCE,dbo,DM_LopMon,BASE TABLE
EDU_NUCE,dbo,TS_ThiSinhMienKhoanThu,BASE TABLE
EDU_NUCE,dbo,TKB_ThongSo,BASE TABLE
EDU_NUCE,dbo,CC_DotThiChungChiAnhVan,BASE TABLE
EDU_NUCE,dbo,EX_QuyDinhDiemTheoSoCau,BASE TABLE
EDU_NUCE,dbo,_DM_KhoiTuyenSinh,BASE TABLE
EDU_NUCE,dbo,ES_Media,BASE TABLE
EDU_NUCE,dbo,DM_QuyDoiDiemChuyenCan,BASE TABLE
EDU_NUCE,dbo,KT_OF_CauHinhTaiKhoan,BASE TABLE
EDU_NUCE,dbo,_DM_DienUuTienTuyenSinh,BASE TABLE
EDU_NUCE,dbo,KTX_DM_NhomTaiSan,BASE TABLE
EDU_NUCE,dbo,DT_DanhGiaRenLuyenSinhVien,BASE TABLE
EDU_NUCE,dbo,DT_MienGiam,BASE TABLE
EDU_NUCE,dbo,DT_SinhVienHocNhieuChuyenNganh,BASE TABLE
EDU_NUCE,dbo,TS_ThongSoXetTuyen,BASE TABLE
EDU_NUCE,dbo,DT_SinhVienCongNhanMienMon,BASE TABLE
EDU_NUCE,dbo,KT_KC_SoThuNganHang,BASE TABLE
EDU_NUCE,dbo,HT_ThongSoReplace,BASE TABLE
EDU_NUCE,dbo,DTBD_DM_BaiHoc,BASE TABLE
EDU_NUCE,dbo,TS_MoMonThiTuyenSinh,BASE TABLE
EDU_NUCE,dbo,TKB_DanhSachLopXepLichThi,BASE TABLE
EDU_NUCE,dbo,DT_HB_KeHoachPhanBo,BASE TABLE
EDU_NUCE,dbo,KH_QuanLyPhatHanhHDDT,BASE TABLE
EDU_NUCE,dbo,HT_CauHinhSortDuLieu,BASE TABLE
EDU_NUCE,dbo,DM_DiemCongKhenThuong,BASE TABLE
EDU_NUCE,dbo,OP_ChiTietSoThuTrucTuyenEx,BASE TABLE
EDU_NUCE,dbo,DM_MauPhieuChamThi,BASE TABLE
EDU_NUCE,dbo,TS_DM_KhoiNganhTuyenSinh,BASE TABLE
EDU_NUCE,dbo,ES_MediaCauHoi,BASE TABLE
EDU_NUCE,dbo,DM_TaiKhoanEmail,BASE TABLE
EDU_NUCE,dbo,GADT_BaiGiang,BASE TABLE
EDU_NUCE,dbo,DT_NC_ApDungCongThucTinhDiem,BASE TABLE
EDU_NUCE,dbo,KTX_ThongTinThiThuc,BASE TABLE
EDU_NUCE,dbo,TKB_ThieuSot,BASE TABLE
EDU_NUCE,dbo,DT_ApDungPhieuDanhGiaRenLuyen,BASE TABLE
EDU_NUCE,dbo,DT_SinhVienKhongDatTienDoNgoaiNgu,BASE TABLE
EDU_NUCE,dbo,KT_KhongTruyCuuCongNoThuChung,BASE TABLE
EDU_NUCE,dbo,DT_ThongTinXinCapLaiTheBHYT,BASE TABLE
EDU_NUCE,dbo,NK_KhauTruChietKhauMienGiam,BASE TABLE
EDU_NUCE,dbo,_DM_HanhKiemThiSinh,BASE TABLE
EDU_NUCE,dbo,KTX_DM_TaiSan,BASE TABLE
EDU_NUCE,dbo,KT_EX_SoChi,BASE TABLE
EDU_NUCE,dbo,DTBD_DM_ChucVu,BASE TABLE
EDU_NUCE,dbo,DM_Nghe,BASE TABLE
EDU_NUCE,dbo,DT_KhoaDiemDanhLichHoc,BASE TABLE
EDU_NUCE,dbo,EGOV_TrinhKyTuDoFileAttach,BASE TABLE
EDU_NUCE,dbo,HT_CauHinhSortDuLieuChiTiet,BASE TABLE
EDU_NUCE,dbo,TKB_DanhSachGiangVienCoiThi,BASE TABLE
EDU_NUCE,dbo,DM_MienGiam,BASE TABLE
EDU_NUCE,dbo,API_ELearningLog,BASE TABLE
EDU_NUCE,dbo,NK_KC_CRM_Case_BMDX,BASE TABLE
EDU_NUCE,dbo,_DM_QuyDinhKyTu,BASE TABLE
EDU_NUCE,dbo,CC_DotThiChungChiTinHoc,BASE TABLE
EDU_NUCE,dbo,ES_MucDoDoKho,BASE TABLE
EDU_NUCE,dbo,DM_TietHoc,BASE TABLE
EDU_NUCE,dbo,GADT_BaiGiangFileAttach,BASE TABLE
EDU_NUCE,dbo,TS_NhomLichThi,BASE TABLE
EDU_NUCE,dbo,DT_NC_BoSungCotDiem,BASE TABLE
EDU_NUCE,dbo,TKB_LichHocGiangVien_KiemDinh,BASE TABLE
EDU_NUCE,dbo,DM_PhieuDanhGiaRenLuyen,BASE TABLE
EDU_NUCE,dbo,DM_MonHocBaiHoc,BASE TABLE
EDU_NUCE,dbo,DT_TongHopCongNoSinhVien_Tmp,BASE TABLE
EDU_NUCE,dbo,KT_MienGiamNhapHoc,BASE TABLE
EDU_NUCE,dbo,DM_QuyChe,BASE TABLE
EDU_NUCE,dbo,TS_XT_HocLucHanhKiem,BASE TABLE
EDU_NUCE,dbo,_DM_MapColumImport,BASE TABLE
EDU_NUCE,dbo,NK_CapNhatDiemThiTheoAction,BASE TABLE
EDU_NUCE,dbo,DTBD_DM_ChuyenDe,BASE TABLE
EDU_NUCE,dbo,DM_KhoaHoc,BASE TABLE
EDU_NUCE,dbo,DT_ThongTinGiaoThong,BASE TABLE
EDU_NUCE,dbo,ASC_QLKD_ThucChi,BASE TABLE
EDU_NUCE,dbo,TS_DanhSachCotDiem,BASE TABLE
EDU_NUCE,dbo,DT_SinhVienDangKyHocBu,BASE TABLE
EDU_NUCE,dbo,TKB_DanhSachGiangVienTamNgungTheoLichHoc,BASE TABLE
EDU_NUCE,dbo,TKB_LoaiTiet,BASE TABLE
EDU_NUCE,dbo,DM_MonHocHeDaoTao,BASE TABLE
EDU_NUCE,dbo,_DM_BangKyTu,BASE TABLE
EDU_NUCE,dbo,DT_CC_QuyDinhDiemHocPhan,BASE TABLE
EDU_NUCE,dbo,EX_MonHocModule,BASE TABLE
EDU_NUCE,dbo,KTX_TS_NhaCungCap,BASE TABLE
EDU_NUCE,dbo,GADT_BangNoiDung,BASE TABLE
EDU_NUCE,dbo,DT_NC_CongThucTinhDiem,BASE TABLE
EDU_NUCE,dbo,NK_KC_API_KHDT_Lock,BASE TABLE
EDU_NUCE,dbo,EX_QuyDinhDoKho,BASE TABLE
EDU_NUCE,dbo,KT_SoThuHoSoThiSinhLienKet,BASE TABLE
EDU_NUCE,dbo,NK_ChuyenDiem,BASE TABLE
EDU_NUCE,dbo,_DM_MonThiTHPT,BASE TABLE
EDU_NUCE,dbo,TKB_DotChuyenTrangThai,BASE TABLE
EDU_NUCE,dbo,TS_ThiSinhQTHT,BASE TABLE
EDU_NUCE,dbo,ASC_QLKD_DuChi,BASE TABLE
EDU_NUCE,dbo,TS_DM_KhoiNganhTheoTieuChi,BASE TABLE
EDU_NUCE,dbo,TKB_DanhSachLopHocPhanThi,BASE TABLE
EDU_NUCE,dbo,DT_HB_KeHoachPhanBoTheoHocKy,BASE TABLE
EDU_NUCE,dbo,DM_PhieuDanhGiaRenLuyenChiTiet,BASE TABLE
EDU_NUCE,dbo,TS_LePhiHoSo,BASE TABLE
EDU_NUCE,dbo,DT_SinhVienDatChuanDauRa,BASE TABLE
EDU_NUCE,dbo,DM_MonHocKhongTinhDiem,BASE TABLE
EDU_NUCE,dbo,TS_XT_QuyDinhDiem,BASE TABLE
EDU_NUCE,dbo,CC_DotThiXepLop,BASE TABLE
EDU_NUCE,dbo,ES_NhanSuQuanLyThiTracNghiem,BASE TABLE
EDU_NUCE,dbo,DD_Tracking,BASE TABLE
EDU_NUCE,dbo,DTBD_DM_DonViCongTac,BASE TABLE
EDU_NUCE,dbo,GADT_BangNoiDungDetail,BASE TABLE
EDU_NUCE,dbo,DM_Nganh,BASE TABLE
EDU_NUCE,dbo,DT_NC_DieuKienLenLop,BASE TABLE
EDU_NUCE,dbo,DT_XetDanhHieuLopHocTheoNam,BASE TABLE
EDU_NUCE,dbo,DT_HocPhanNgoaiChuongTrinhBoSung,BASE TABLE
EDU_NUCE,dbo,_DM_LoaiKyTu,BASE TABLE
EDU_NUCE,dbo,EX_QuyDinhDoPhanCach,BASE TABLE
EDU_NUCE,dbo,KT_SoThuHoSoTuyenSinh,BASE TABLE
EDU_NUCE,dbo,TS_XT_ThiSinh,BASE TABLE
EDU_NUCE,dbo,DT_ChiTietGuiMail,BASE TABLE
EDU_NUCE,dbo,TKB_DotChuyenTrangThaiChiTiet,BASE TABLE
EDU_NUCE,dbo,TS_ThiSinhTiemNang,BASE TABLE
EDU_NUCE,dbo,ASC_DM_LoaiKhoanChi,BASE TABLE
EDU_NUCE,dbo,TS_ThiSinhOnlineNguyenVong,BASE TABLE
EDU_NUCE,dbo,TKB_DanhSachPhongThi,BASE TABLE
EDU_NUCE,dbo,TS_KetQuaXetTuyenTheoChiTieu,BASE TABLE
EDU_NUCE,dbo,HT_LOCK_KT_SoChungTu,BASE TABLE
EDU_NUCE,dbo,DM_MonHocVanHoa,BASE TABLE
EDU_NUCE,dbo,TS_XT_TieuChiXetTuyen,BASE TABLE
EDU_NUCE,dbo,ES_NhomCauHoi,BASE TABLE
EDU_NUCE,dbo,_DM_PhanLoaiChiPhiKTX,BASE TABLE
EDU_NUCE,dbo,DTBD_DM_KhoaHoc,BASE TABLE
EDU_NUCE,dbo,GADT_GiaoAn,BASE TABLE
EDU_NUCE,dbo,DM_Huyen,BASE TABLE
EDU_NUCE,dbo,DT_NC_DinhNghiaCotDiem,BASE TABLE
EDU_NUCE,dbo,DTBD_DM_ChucVuDoan,BASE TABLE
EDU_NUCE,dbo,KTX_DM_MucDichNhapCanh,BASE TABLE
EDU_NUCE,dbo,DM_DonViTinh,BASE TABLE
EDU_NUCE,dbo,KT_SoThuTuDo,BASE TABLE
EDU_NUCE,dbo,TS_ThongTinXetTuyen_Tmp,BASE TABLE
EDU_NUCE,dbo,KT_MienGiamNhapHoc_ChiTietLoaiTru,BASE TABLE
EDU_NUCE,dbo,DT_DeXuatCapNhatDiem,BASE TABLE
EDU_NUCE,dbo,DM_BoDinhDangPhieuDanhGiaRenLuyen,BASE TABLE
EDU_NUCE,dbo,DCMH_BaiHoc,BASE TABLE
EDU_NUCE,dbo,KTX_DM_NhomDiaDiemPhong,BASE TABLE
EDU_NUCE,dbo,TS_ThiSinhTuDo,BASE TABLE
EDU_NUCE,dbo,NK_DT_CapNhatTrangThaiSinhVien_12_11,BASE TABLE
EDU_NUCE,dbo,SV_LienHe_CauTraLoi,BASE TABLE
EDU_NUCE,dbo,TKB_DeXuatCoiThiThay,BASE TABLE
EDU_NUCE,dbo,DM_NganHangThanhToanHocPhi,BASE TABLE
EDU_NUCE,dbo,TS_ThiSinhCoSoLienKet,BASE TABLE
EDU_NUCE,dbo,TX_TheXeSinhVien,BASE TABLE
EDU_NUCE,dbo,CC_LichThiChungChiAnhVan,BASE TABLE
EDU_NUCE,dbo,DM_TC_QuyDoiXepHangHocLuc,BASE TABLE
EDU_NUCE,dbo,HT_DEL_History,BASE TABLE
EDU_NUCE,dbo,DM_BoDinhDangPhieuDanhGiaRenLuyenChiTiet,BASE TABLE
EDU_NUCE,dbo,GADT_GiaoAnFileAttach,BASE TABLE
EDU_NUCE,dbo,KTX_NK_QuetTheRaVao,BASE TABLE
EDU_NUCE,dbo,DM_Tinh,BASE TABLE
EDU_NUCE,dbo,DT_NC_DSDuThiTotNghiep,BASE TABLE
EDU_NUCE,dbo,NK_KC_API_PhanBoKetChuyen,BASE TABLE
EDU_NUCE,dbo,KT_TC_ChiTietKeHoachThu_TMP,BASE TABLE
EDU_NUCE,dbo,KT_TC_KeHoachThuKhac,BASE TABLE
EDU_NUCE,dbo,TS_XT_NguyenVong,BASE TABLE
EDU_NUCE,dbo,ES_Phan,BASE TABLE
EDU_NUCE,dbo,DT_DeXuatChuyenTrangThaiSV,BASE TABLE
EDU_NUCE,dbo,DT_ThongTinSucKhoe,BASE TABLE
EDU_NUCE,dbo,_DM_PhanLoaiChuyenLopTuDo,BASE TABLE
EDU_NUCE,dbo,KTX_DM_DayNha,BASE TABLE
EDU_NUCE,dbo,DTBD_DM_KhungHoSo,BASE TABLE
EDU_NUCE,dbo,TS_TuyenSinh,BASE TABLE
EDU_NUCE,dbo,ES_DiemTru,BASE TABLE
EDU_NUCE,dbo,EGOV_TrinhKyTuDo,BASE TABLE
EDU_NUCE,dbo,DM_XepLoai,BASE TABLE
EDU_NUCE,dbo,TS_BangQuyDoiDiem,BASE TABLE
EDU_NUCE,dbo,DCMH_DeCuongPhuLuc,BASE TABLE
EDU_NUCE,dbo,DT_SinhVienVangThiCoLyDo,BASE TABLE
EDU_NUCE,dbo,HT_DEL_HistoryDetails,BASE TABLE
EDU_NUCE,dbo,DCMH_BaiHocGiangVienGoiY,BASE TABLE
EDU_NUCE,dbo,GADT_KhungBaiGiang,BASE TABLE
EDU_NUCE,dbo,DT_NC_DSDuThiTotNghiepChinhTri,BASE TABLE
EDU_NUCE,dbo,DD_CapNhanThe,BASE TABLE
EDU_NUCE,dbo,KT_ThongSoHDDTCauHinh,BASE TABLE
EDU_NUCE,dbo,KT_TinhMienGiam,BASE TABLE
EDU_NUCE,dbo,TS_XT_DiemMon,BASE TABLE
EDU_NUCE,dbo,ES_QuiDinhDiem,BASE TABLE
EDU_NUCE,dbo,DT_LopHocPhanDanhPhach,BASE TABLE
EDU_NUCE,dbo,_DM_PhanLoaiNoQuyetToan,BASE TABLE
EDU_NUCE,dbo,KTX_DM_PhanLoaiPhong,BASE TABLE
EDU_NUCE,dbo,DTBD_DM_MonHoc,BASE TABLE
EDU_NUCE,dbo,DT_MonHocThayThe,BASE TABLE
EDU_NUCE,dbo,ES_PhanCongDuyetBoCauHoi,BASE TABLE
EDU_NUCE,dbo,DGXL_ChiTietLichSuDanhGiaTieuChiChung_History,BASE TABLE
EDU_NUCE,dbo,DM_NganhBacDaoTao,BASE TABLE
EDU_NUCE,dbo,DM_HanhKiem,BASE TABLE
EDU_NUCE,dbo,TS_XT_KetQuaXetTuyen,BASE TABLE
EDU_NUCE,dbo,CC_LichThiChungChiTinHoc,BASE TABLE
EDU_NUCE,dbo,DT_TC_XetLenLop,BASE TABLE
EDU_NUCE,dbo,HT_LOCK_TS_ThiSinhNhapHocOffline,BASE TABLE
EDU_NUCE,dbo,GADT_KhungBaiGiangDetail,BASE TABLE
EDU_NUCE,dbo,TS_XetTuyenDeAn,BASE TABLE
EDU_NUCE,dbo,DT_NC_DSDuThiTotNghiepVanHoa,BASE TABLE
EDU_NUCE,dbo,KT_DT_DongBoKhoanMucMienGiam,BASE TABLE
EDU_NUCE,dbo,TKB_DeXuatDayThay,BASE TABLE
EDU_NUCE,dbo,NK_KC_API_PhanBo,BASE TABLE
EDU_NUCE,dbo,KT_TL_ChiTietKeHoachThu,BASE TABLE
EDU_NUCE,dbo,DCMH_DeCuongPPDanhGiaHocPhan,BASE TABLE
EDU_NUCE,dbo,ES_RV_SinhVienOnThi,BASE TABLE
EDU_NUCE,dbo,DT_NhanSuNhapDiemTheoLichThi,BASE TABLE
EDU_NUCE,dbo,_DM_PhanLoaiThiSinh,BASE TABLE
EDU_NUCE,dbo,DCMH_DeCuong,BASE TABLE
EDU_NUCE,dbo,DT_SinhVienHocNganh2,BASE TABLE
EDU_NUCE,dbo,KS_KetQuaKhaoSatGiangVien,BASE TABLE
EDU_NUCE,dbo,DT_KetNoiDoiTac_ChiTietGiaoDich,BASE TABLE
EDU_NUCE,dbo,ACL_PhanQuyenHeLoai,BASE TABLE
EDU_NUCE,dbo,DM_NhomDiaDiemPhong,BASE TABLE
EDU_NUCE,dbo,DT_MonHocPhanMienGiam,BASE TABLE
EDU_NUCE,dbo,KT_HoaDonDienTuXuLy,BASE TABLE
EDU_NUCE,dbo,DM_TieuChuanXepLoaiDanhHieu,BASE TABLE
EDU_NUCE,dbo,HT_Script,BASE TABLE
EDU_NUCE,dbo,KTX_DM_Phong,BASE TABLE
EDU_NUCE,dbo,DTBD_DS_KetQuaHocTap,BASE TABLE
EDU_NUCE,dbo,KTX_HoatDongONoiTru,BASE TABLE
EDU_NUCE,dbo,TS_XetTuyenNguyenVong,BASE TABLE
EDU_NUCE,dbo,DT_NC_KetQuaThiTotNghiep,BASE TABLE
EDU_NUCE,dbo,KT_TL_KeHoachThu,BASE TABLE
EDU_NUCE,dbo,DT_QuyDinhDaoTao,BASE TABLE
EDU_NUCE,dbo,DM_NhanSuNgoaiHeThong,BASE TABLE
EDU_NUCE,dbo,KT_MG_PhanBoKinhPhi,BASE TABLE
EDU_NUCE,dbo,EGOV_HopDongBaoTri,BASE TABLE
EDU_NUCE,dbo,DM_NhomLoaiHanhViViPham,BASE TABLE
EDU_NUCE,dbo,NK_KC_API_PhanBoChiTiet,BASE TABLE
EDU_NUCE,dbo,TS_XT_DiemXetTuyen,BASE TABLE
EDU_NUCE,dbo,CC_LichThiXepLop,BASE TABLE
EDU_NUCE,dbo,DCMH_DeCuongPPKiemTraTuHoc,BASE TABLE
EDU_NUCE,dbo,DT_DangKyDanhGiaLai,BASE TABLE
EDU_NUCE,dbo,DT_ApDungQuyChe,BASE TABLE
EDU_NUCE,dbo,ES_SinhVienDangNhapThi,BASE TABLE
EDU_NUCE,dbo,TKB_KeHoachGiangDayMonHoc,BASE TABLE
EDU_NUCE,dbo,_DM_ThiSinhTotNghiep,BASE TABLE
EDU_NUCE,dbo,DCMH_DeCuongChuanDauRa,BASE TABLE
EDU_NUCE,dbo,KTX_KT_DanhSachMienGiam,BASE TABLE
EDU_NUCE,dbo,ACL_HienThiChucNang,BASE TABLE
EDU_NUCE,dbo,DT_CoVanHocTapLopHoc,BASE TABLE
EDU_NUCE,dbo,DT_NC_MoMonThiTotNghiep,BASE TABLE
EDU_NUCE,dbo,DM_TrangThaiSinhVien,BASE TABLE
EDU_NUCE,dbo,DM_HocBong,BASE TABLE
EDU_NUCE,dbo,KTX_BangGhiChiSo,BASE TABLE
EDU_NUCE,dbo,KT_NC_KeHoachThuHocKyTheoLop,BASE TABLE
EDU_NUCE,dbo,DT_SinhVienHoatDongNgoaiKhoa,BASE TABLE
EDU_NUCE,dbo,WEB_TaiLieuBaiGiang,BASE TABLE
EDU_NUCE,dbo,DT_KiemTraBaiCu,BASE TABLE
EDU_NUCE,dbo,DTBD_DS_KhoaDiem,BASE TABLE
EDU_NUCE,dbo,KTX_DM_MienGiam,BASE TABLE
EDU_NUCE,dbo,SV_LienHe_TrangThai,BASE TABLE
EDU_NUCE,dbo,TKB_DeXuatLichHocBu,BASE TABLE
EDU_NUCE,dbo,DM_HoSoHocBong,BASE TABLE
EDU_NUCE,dbo,DM_NhomLoaiKhenThuong,BASE TABLE
EDU_NUCE,dbo,TX_DangKyTheXe,BASE TABLE
EDU_NUCE,dbo,DT_XetDanhHieuNam,BASE TABLE
EDU_NUCE,dbo,ES_TinhDiemTheoSoCauDung,BASE TABLE
EDU_NUCE,dbo,DM_CaBanLich,BASE TABLE
EDU_NUCE,dbo,_DM_PhanLoaiDoiTuongKTX,BASE TABLE
EDU_NUCE,dbo,DT_DangKyHoanThi,BASE TABLE
EDU_NUCE,dbo,DT_NC_NoiDungMonThiTotNghiep,BASE TABLE
EDU_NUCE,dbo,NK_KC_API_PhanBoSinhVienMonHoc,BASE TABLE
EDU_NUCE,dbo,KTX_CanSuPhong,BASE TABLE
EDU_NUCE,dbo,NK_KC_CRM_Contact,BASE TABLE
EDU_NUCE,dbo,LMS_LichSuDongBo,BASE TABLE
EDU_NUCE,dbo,KT_PK_KeHoachThu,BASE TABLE
EDU_NUCE,dbo,DT_ThongTinBangTotNghiepTHPTDeXuat,BASE TABLE
EDU_NUCE,dbo,WEB_TaiLieuBaiGiang_FileAttach,BASE TABLE
EDU_NUCE,dbo,_DM_TrangThaiBaoTri,BASE TABLE
EDU_NUCE,dbo,DT_DiemPhucKhaoChiTiet,BASE TABLE
EDU_NUCE,dbo,DCMH_DeCuongDayVaHoc,BASE TABLE
EDU_NUCE,dbo,DTBD_DS_QuyUocDiem,BASE TABLE
EDU_NUCE,dbo,TKB_GhepLopHocDanhNghia,BASE TABLE
EDU_NUCE,dbo,SYS_NhatKyHeThong_ReplaceFieldTitle,BASE TABLE
EDU_NUCE,dbo,DM_ChiTietBuoiNgoaiKhoa,BASE TABLE
EDU_NUCE,dbo,DM_LoaiCanSuLopHoc,BASE TABLE
EDU_NUCE,dbo,DM_XepLoaiGDQPTC,BASE TABLE
EDU_NUCE,dbo,DM_NhomMonHocDieuKien,BASE TABLE
EDU_NUCE,dbo,DT_XetHocBongDot,BASE TABLE
EDU_NUCE,dbo,TX_LichSuChuyenDoiThe,BASE TABLE
EDU_NUCE,dbo,CC_LoaiMon,BASE TABLE
EDU_NUCE,dbo,ES_TL_BoDeThi,BASE TABLE
EDU_NUCE,dbo,KTX_DM_Giuong,BASE TABLE
EDU_NUCE,dbo,TKB_LichHoc_BaiHoc,BASE TABLE
EDU_NUCE,dbo,DT_NC_QuyCheHocVu,BASE TABLE
EDU_NUCE,dbo,KTX_CapNhanThe,BASE TABLE
EDU_NUCE,dbo,TKB_LichHoc_Goc,BASE TABLE
EDU_NUCE,dbo,TKB_QuyDinhPhutThiTheoSTC,BASE TABLE
EDU_NUCE,dbo,DT_QuyCheXetDanhHieu,BASE TABLE
EDU_NUCE,dbo,WEB_TaiLieuBaiGiang_Loai,BASE TABLE
EDU_NUCE,dbo,ASC_TamUng_CongTacPhi_ChiTietFileAttach,BASE TABLE
EDU_NUCE,dbo,DT_HB_ChiTietDangKyXetHocBongNgoaiNganSach,BASE TABLE
EDU_NUCE,dbo,TKB_MuonPhong,BASE TABLE
EDU_NUCE,dbo,TX_LichSuDungThe,BASE TABLE
EDU_NUCE,dbo,CC_LopLuyenThi,BASE TABLE
EDU_NUCE,dbo,DM_DotTyGiaNgoaiTe,BASE TABLE
EDU_NUCE,dbo,ES_TL_CauHoi,BASE TABLE
EDU_NUCE,dbo,_DM_TrangThaiSinhVienNghi,BASE TABLE
EDU_NUCE,dbo,DCMH_DeCuongMucTieu,BASE TABLE
EDU_NUCE,dbo,TKB_KeHoachBanLichGiangVien,BASE TABLE
EDU_NUCE,dbo,KT_SoChi,BASE TABLE
EDU_NUCE,dbo,DT_NC_QuyCheTotNghiep,BASE TABLE
EDU_NUCE,dbo,TKB_DM_LoaiCongViecKhac,BASE TABLE
EDU_NUCE,dbo,TKB_LopHocPhan,BASE TABLE
EDU_NUCE,dbo,DM_NoiDung,BASE TABLE
EDU_NUCE,dbo,DM_KhoanThu,BASE TABLE
EDU_NUCE,dbo,HT_EmailNguoiDung,BASE TABLE
EDU_NUCE,dbo,HT_LOCK_KTX_DangKyNoiTru,BASE TABLE
EDU_NUCE,dbo,DTBD_HocVien,BASE TABLE
EDU_NUCE,dbo,DCMH_DM_CapDo,BASE TABLE
EDU_NUCE,dbo,DT_HB_ChiTietDotXetHocBongNgoaiNganSach,BASE TABLE
EDU_NUCE,dbo,KTX_ChiTietDieuChuyen,BASE TABLE
EDU_NUCE,dbo,DT_CauHinhDieuKienDeXuatBieuMau,BASE TABLE
EDU_NUCE,dbo,DT_NC_XetLenLop,BASE TABLE
EDU_NUCE,dbo,ES_TL_CauHoiCha,BASE TABLE
EDU_NUCE,dbo,TKB_KeHoachBanLichGiangVien_LichSu,BASE TABLE
EDU_NUCE,dbo,TKB_LichThiKhoaCapGiangVien,BASE TABLE
EDU_NUCE,dbo,NK_KC_CRM_Waiting,BASE TABLE
EDU_NUCE,dbo,DM_PhanChiaMonHocVanHoa,BASE TABLE
EDU_NUCE,dbo,HT_Log,BASE TABLE
EDU_NUCE,dbo,_DM_TrangThaiTamNgung,BASE TABLE
EDU_NUCE,dbo,DCMH_DeCuongTaiLieu,BASE TABLE
EDU_NUCE,dbo,HT_LOCK_KTX_SoThu,BASE TABLE
